./node_modules/toidentifier/README.md,1803,1754805501,bbc5b74840438ec9d0d189c10c013c3e0ad9e0add6f09cb16034b8f693d73ff8
./veganmapai/backend/node_modules/toidentifier/README.md,1803,1754983295,bbc5b74840438ec9d0d189c10c013c3e0ad9e0add6f09cb16034b8f693d73ff8
./node_modules/raw-body/README.md,6553,1754805502,2bdf5dc084fec13fa087101d1c3efdc22421d19c1551984b49ce6705eb636d57
./veganmapai/backend/node_modules/raw-body/README.md,6553,1754983295,2bdf5dc084fec13fa087101d1c3efdc22421d19c1551984b49ce6705eb636d57
./node_modules/chokidar/node_modules/glob-parent/README.md,4646,1754805506,3fdaad1cc34c596cd5c76892f613d3c09f89663d9f21bdc1ce045ddac57fe07c
./node_modules/fast-glob/node_modules/glob-parent/README.md,4646,1754805506,3fdaad1cc34c596cd5c76892f613d3c09f89663d9f21bdc1ce045ddac57fe07c
./node_modules/combined-stream/Readme.md,4551,1754805504,f4409df97c1568d7dd74307e2bbfb9afb3c3cb9b95f0c67272d44a305f30724a
./veganmapai/backend/node_modules/combined-stream/Readme.md,4551,1754983295,f4409df97c1568d7dd74307e2bbfb9afb3c3cb9b95f0c67272d44a305f30724a
./node_modules/qs/LICENSE.md,1600,1754805504,e7dc37bf662d7f786efcb46c545615e70c1daf458a38385521c63cf6607cdfe1
./veganmapai/backend/node_modules/qs/LICENSE.md,1600,1754983296,e7dc37bf662d7f786efcb46c545615e70c1daf458a38385521c63cf6607cdfe1
./node_modules/compression/node_modules/negotiator/README.md,5322,1754805506,dce24dd997f623d019de8d331986f415b06daebe1f8ee40bd6b9478fe95617f0
./veganmapai/backend/node_modules/negotiator/README.md,5322,1754983296,dce24dd997f623d019de8d331986f415b06daebe1f8ee40bd6b9478fe95617f0
./node_modules/express-session/node_modules/cookie-signature/Readme.md,1490,1754805506,1621ed10d0b2f865eb8608e0474a356cf7a9737a384b6593b61b30a9f6e50366
./node_modules/cookie-signature/Readme.md,1490,1754805504,1621ed10d0b2f865eb8608e0474a356cf7a9737a384b6593b61b30a9f6e50366
./node_modules/string-width-cjs/node_modules/emoji-regex/README.md,2691,1754805506,83fa2a1a5a1dd7318b99cb17c76927b775098d8fff0d3136c00303e4a7d0b267
./node_modules/wrap-ansi-cjs/node_modules/emoji-regex/README.md,2691,1754805506,83fa2a1a5a1dd7318b99cb17c76927b775098d8fff0d3136c00303e4a7d0b267
./.cache/typescript/5.6/node_modules/@types/body-parser/README.md,937,1755332671,885381bbb6e8c5824eac8648e67f7f08a5c667696164886e91cbfe272993aa96
./veganmapai/backend/node_modules/@types/body-parser/README.md,937,1754983300,885381bbb6e8c5824eac8648e67f7f08a5c667696164886e91cbfe272993aa96
./node_modules/es-set-tostringtag/README.md,2233,1754805504,d98d41a011e45ff71dce6038a0e357926f2968e2b2e99b70f873addec0f5d499
./veganmapai/backend/node_modules/es-set-tostringtag/README.md,2233,1754983296,d98d41a011e45ff71dce6038a0e357926f2968e2b2e99b70f873addec0f5d499
./node_modules/has-tostringtag/CHANGELOG.md,3543,1754805504,6c721d97055e8381694c7fa7a14f1bf2def9ea072488bcfe4b51073717b53810
./veganmapai/backend/node_modules/has-tostringtag/CHANGELOG.md,3543,1754983296,6c721d97055e8381694c7fa7a14f1bf2def9ea072488bcfe4b51073717b53810
./attached_assets/image_1753623353737.png,1670457,1754805483,782af3ef7a6cfa7a8ae5658920f798bfbf191aee1f69c5137af8812bef9a57a3
./docs/archive/duplicates/attached_assets/image_1753623353737.png,1670457,1754805483,782af3ef7a6cfa7a8ae5658920f798bfbf191aee1f69c5137af8812bef9a57a3
./docs/archive/old-versions/upgraded_full/attached_assets/image_1753623353737.png,1670457,1754805484,782af3ef7a6cfa7a8ae5658920f798bfbf191aee1f69c5137af8812bef9a57a3
./docs/archive/old-versions/VeganMapAI-main/attached_assets/image_1753623353737.png,1670457,1754805483,782af3ef7a6cfa7a8ae5658920f798bfbf191aee1f69c5137af8812bef9a57a3
./attached_assets/image_1753972078043.png,909965,1754805483,887c601eda069314c8a92c954cc928473fa91c2bd0670d3bcf9d843324aaafcd
./attached_assets/image_1753972360190.png,909965,1754805483,887c601eda069314c8a92c954cc928473fa91c2bd0670d3bcf9d843324aaafcd
./node_modules/axios/lib/env/README.md,131,1754805510,9edc67c3c914a8eb30a6d8ccc12d6ccf21937af25bbd05b6176647dbbec13b50
./veganmapai/backend/node_modules/axios/lib/env/README.md,131,1754983296,9edc67c3c914a8eb30a6d8ccc12d6ccf21937af25bbd05b6176647dbbec13b50
./node_modules/@playwright/test/README.md,8123,1754805506,ab4c8edf8aa0b9a0cb97b6e932e0db77accaa880c5f1fbdf7bc16eb4e3639613
./node_modules/playwright/README.md,8123,1754805510,ab4c8edf8aa0b9a0cb97b6e932e0db77accaa880c5f1fbdf7bc16eb4e3639613
./node_modules/chokidar/node_modules/glob-parent/CHANGELOG.md,4510,1754805506,3a7de772276d39daad424919bb397a05cd620081bf31e4c06064c37bc421ac12
./node_modules/fast-glob/node_modules/glob-parent/CHANGELOG.md,4510,1754805506,3a7de772276d39daad424919bb397a05cd620081bf31e4c06064c37bc421ac12
./node_modules/has-tostringtag/README.md,2190,1754805504,bcf8eec2c348d4509573a3b85c98705b5bdf1b59e903a9f621fb5a33be0532cb
./veganmapai/backend/node_modules/has-tostringtag/README.md,2190,1754983296,bcf8eec2c348d4509573a3b85c98705b5bdf1b59e903a9f621fb5a33be0532cb
./node_modules/etag/HISTORY.md,1732,1754805503,a6311c59a3ea30af617c8526eb2aa086b835260bf05490c81fa8e696e24ce7cd
./veganmapai/backend/node_modules/etag/HISTORY.md,1732,1754983296,a6311c59a3ea30af617c8526eb2aa086b835260bf05490c81fa8e696e24ce7cd
./node_modules/object-assign/readme.md,1502,1754805502,3261c0b6a6fb04216942dcf3d71e57fe0be681c1a816b1a5941dac9f81cf862d
./veganmapai/backend/node_modules/object-assign/readme.md,1502,1754983296,3261c0b6a6fb04216942dcf3d71e57fe0be681c1a816b1a5941dac9f81cf862d
./attached_assets/image_1753625053038.png,731655,1754805483,85a8ca826964f25f8777c4a4cb3e2a754bc907d2931d088bf368c42be43fece0
./docs/archive/duplicates/attached_assets/image_1753625053038.png,731655,1754805483,85a8ca826964f25f8777c4a4cb3e2a754bc907d2931d088bf368c42be43fece0
./docs/archive/old-versions/upgraded_full/attached_assets/image_1753625053038.png,731655,1754805484,85a8ca826964f25f8777c4a4cb3e2a754bc907d2931d088bf368c42be43fece0
./docs/archive/old-versions/VeganMapAI-main/attached_assets/image_1753625053038.png,731655,1754805483,85a8ca826964f25f8777c4a4cb3e2a754bc907d2931d088bf368c42be43fece0
./node_modules/on-finished/HISTORY.md,1865,1754805502,1954661afcaee2b2e961f1b56dc9694f3074608def2a4ae75f7b1203d18086ca
./veganmapai/backend/node_modules/on-finished/HISTORY.md,1865,1754983296,1954661afcaee2b2e961f1b56dc9694f3074608def2a4ae75f7b1203d18086ca
./node_modules/drizzle-kit/node_modules/esbuild/README.md,175,1754805506,6d481cd60ec3c679e5e395f547ab4221147f35642894f6b95a8df38fd25c87bd
./node_modules/tsx/node_modules/esbuild/README.md,175,1754805506,6d481cd60ec3c679e5e395f547ab4221147f35642894f6b95a8df38fd25c87bd
./node_modules/vite/node_modules/esbuild/README.md,175,1754805506,6d481cd60ec3c679e5e395f547ab4221147f35642894f6b95a8df38fd25c87bd
./node_modules/@esbuild-kit/core-utils/node_modules/esbuild/README.md,175,1754805506,6d481cd60ec3c679e5e395f547ab4221147f35642894f6b95a8df38fd25c87bd
./node_modules/esbuild/README.md,175,1754805504,6d481cd60ec3c679e5e395f547ab4221147f35642894f6b95a8df38fd25c87bd
./veganmapai/backend/node_modules/esbuild/README.md,175,1754983300,6d481cd60ec3c679e5e395f547ab4221147f35642894f6b95a8df38fd25c87bd
./node_modules/raw-body/SECURITY.md,1188,1754805502,410480c1fcb35ddd5ce7ee8fea94048e996768be94ddfd6dc5725ac7aec089c9
./veganmapai/backend/node_modules/raw-body/SECURITY.md,1188,1754983295,410480c1fcb35ddd5ce7ee8fea94048e996768be94ddfd6dc5725ac7aec089c9
./node_modules/mime-db/README.md,4091,1754805503,5cc863fd64953afa39d206b510378b73e8c767c5fd124bb8d4017db921c94855
./veganmapai/backend/node_modules/form-data/node_modules/mime-db/README.md,4091,1754983296,5cc863fd64953afa39d206b510378b73e8c767c5fd124bb8d4017db921c94855
./node_modules/string-width-cjs/readme.md,1396,1754805502,cd4aaf53cc7df4210595512d1fdfcd78b671da703a7e695673fcecc167ec66a3
./node_modules/wrap-ansi-cjs/node_modules/string-width/readme.md,1396,1754805506,cd4aaf53cc7df4210595512d1fdfcd78b671da703a7e695673fcecc167ec66a3
./node_modules/@voiceflow/runtime/node_modules/axios/lib/adapters/README.md,915,1754805507,9b5964e5282869527662da5236c9136098456f71e1cb29ff3e14363acc9b6b22
./node_modules/@voiceflow/runtime-client-js/node_modules/axios/lib/adapters/README.md,915,1754805508,9b5964e5282869527662da5236c9136098456f71e1cb29ff3e14363acc9b6b22
./node_modules/@voiceflow/api-sdk/node_modules/axios/lib/adapters/README.md,915,1754805508,9b5964e5282869527662da5236c9136098456f71e1cb29ff3e14363acc9b6b22
./node_modules/axios/lib/adapters/README.md,915,1754805510,9b5964e5282869527662da5236c9136098456f71e1cb29ff3e14363acc9b6b22
./veganmapai/backend/node_modules/axios/lib/adapters/README.md,915,1754983296,9b5964e5282869527662da5236c9136098456f71e1cb29ff3e14363acc9b6b22
./node_modules/escape-html/Readme.md,707,1754805503,86530565532ede3efb547e89694bd94cd384c6a4a6ce071afecb3381dfb2ef22
./veganmapai/backend/node_modules/escape-html/Readme.md,707,1754983295,86530565532ede3efb547e89694bd94cd384c6a4a6ce071afecb3381dfb2ef22
./node_modules/axios/README.md,68705,1754805510,6433f711c36d69a288fde1742f6d240bb7627a0155d3dc1652031d0892d87ed8
./veganmapai/backend/node_modules/axios/README.md,68705,1754983296,6433f711c36d69a288fde1742f6d240bb7627a0155d3dc1652031d0892d87ed8
./node_modules/dunder-proto/README.md,1907,1754805504,a04f8e67cb76f7d636860dd5d9fc6edd07ec3d41c6672897045573977c8e762a
./veganmapai/backend/node_modules/dunder-proto/README.md,1907,1754983295,a04f8e67cb76f7d636860dd5d9fc6edd07ec3d41c6672897045573977c8e762a
./node_modules/vary/README.md,2716,1754805501,03444f916ddb9a1c692c329f88b83b1a21d016dce46656091f21e903109dd65c
./veganmapai/backend/node_modules/vary/README.md,2716,1754983295,03444f916ddb9a1c692c329f88b83b1a21d016dce46656091f21e903109dd65c
./attached_assets/image_1753636272675.png,2026163,1754805483,9ce41e53f2250653eebe7b2713cbbc18055e6377caf9538ddb5d033eb5a833f6
./docs/archive/duplicates/attached_assets/image_1753636272675.png,2026163,1754805483,9ce41e53f2250653eebe7b2713cbbc18055e6377caf9538ddb5d033eb5a833f6
./docs/archive/old-versions/upgraded_full/attached_assets/image_1753636272675.png,2026163,1754805484,9ce41e53f2250653eebe7b2713cbbc18055e6377caf9538ddb5d033eb5a833f6
./docs/archive/old-versions/VeganMapAI-main/attached_assets/image_1753636272675.png,2026163,1754805483,9ce41e53f2250653eebe7b2713cbbc18055e6377caf9538ddb5d033eb5a833f6
./node_modules/delayed-stream/Readme.md,3871,1754805504,5940dca6c65d1bf74e089cf84a3948e7b2b75da5dc50a36df470f7393918cf1c
./veganmapai/backend/node_modules/delayed-stream/Readme.md,3871,1754983295,5940dca6c65d1bf74e089cf84a3948e7b2b75da5dc50a36df470f7393918cf1c
./node_modules/express-session/node_modules/cookie/SECURITY.md,1180,1754805506,299f5e632ccb1ae2d74f95dac09db13d7ff46c482663b67032e3e72cbe376276
./node_modules/cookie/SECURITY.md,1180,1754805504,299f5e632ccb1ae2d74f95dac09db13d7ff46c482663b67032e3e72cbe376276
./veganmapai/backend/node_modules/cookie/SECURITY.md,1180,1754983296,299f5e632ccb1ae2d74f95dac09db13d7ff46c482663b67032e3e72cbe376276
./attached_assets/Full_Description_1753614937713.docx,38422,1754805483,17c8642f1855b63f7747defb735d7e6e288a1e408e4408ea29c99f99b3a6c705
./docs/archive/duplicates/attached_assets/Full_Description_1753614937713.docx,38422,1754805483,17c8642f1855b63f7747defb735d7e6e288a1e408e4408ea29c99f99b3a6c705
./docs/archive/old-versions/upgraded_full/attached_assets/Full_Description_1753614937713.docx,38422,1754805484,17c8642f1855b63f7747defb735d7e6e288a1e408e4408ea29c99f99b3a6c705
./docs/archive/old-versions/VeganMapAI-main/attached_assets/Full_Description_1753614937713.docx,38422,1754805483,17c8642f1855b63f7747defb735d7e6e288a1e408e4408ea29c99f99b3a6c705
./node_modules/get-proto/CHANGELOG.md,1054,1754805503,11759506474827be4b01f43de7d038f1f23effaada2c84ae430459c2aa4dc205
./veganmapai/backend/node_modules/get-proto/CHANGELOG.md,1054,1754983296,11759506474827be4b01f43de7d038f1f23effaada2c84ae430459c2aa4dc205
./.cache/typescript/5.6/node_modules/@types/passport-local/README.md,2084,1755332671,1872450a885b6c8d23150a096c5957d6cb2bbbdcadbd714bd4682aca3637a5ca
./node_modules/@types/passport-local/README.md,2084,1754805504,1872450a885b6c8d23150a096c5957d6cb2bbbdcadbd714bd4682aca3637a5ca
./node_modules/drizzle-kit/node_modules/esbuild/LICENSE.md,1069,1754805506,b40ec5baec7bb34fa5b1c09521fa3cd52d5fad7adafed74932a2010d3612a681
./node_modules/tsx/node_modules/esbuild/LICENSE.md,1069,1754805506,b40ec5baec7bb34fa5b1c09521fa3cd52d5fad7adafed74932a2010d3612a681
./node_modules/vite/node_modules/esbuild/LICENSE.md,1069,1754805506,b40ec5baec7bb34fa5b1c09521fa3cd52d5fad7adafed74932a2010d3612a681
./node_modules/@esbuild-kit/core-utils/node_modules/esbuild/LICENSE.md,1069,1754805506,b40ec5baec7bb34fa5b1c09521fa3cd52d5fad7adafed74932a2010d3612a681
./node_modules/esbuild/LICENSE.md,1069,1754805504,b40ec5baec7bb34fa5b1c09521fa3cd52d5fad7adafed74932a2010d3612a681
./veganmapai/backend/node_modules/esbuild/LICENSE.md,1069,1754983300,b40ec5baec7bb34fa5b1c09521fa3cd52d5fad7adafed74932a2010d3612a681
./.cache/typescript/5.6/node_modules/postgres-interval/readme.md,1115,1755332671,f5399e5250a2cc93245d874dbfe3527e5845119a65b80ea13cbb66ccf913818e
./node_modules/postgres-interval/readme.md,1115,1754805564,f5399e5250a2cc93245d874dbfe3527e5845119a65b80ea13cbb66ccf913818e
./attached_assets/image_1753621873778.png,1941048,1754805483,6ff31ce2f5d89d77d2da2ea60827a56063f35586b144449d0b88261354a45fcd
./docs/archive/duplicates/attached_assets/image_1753621873778.png,1941048,1754805483,6ff31ce2f5d89d77d2da2ea60827a56063f35586b144449d0b88261354a45fcd
./docs/archive/old-versions/upgraded_full/attached_assets/image_1753621873778.png,1941048,1754805484,6ff31ce2f5d89d77d2da2ea60827a56063f35586b144449d0b88261354a45fcd
./docs/archive/old-versions/VeganMapAI-main/attached_assets/image_1753621873778.png,1941048,1754805483,6ff31ce2f5d89d77d2da2ea60827a56063f35586b144449d0b88261354a45fcd
./.cache/typescript/5.6/node_modules/@types/multer/README.md,858,1755332671,80058fbd52f5b5c56d13daad2771c9c3b66736141f64dfa004ba8756b541ade5
./node_modules/@types/multer/README.md,858,1754805504,80058fbd52f5b5c56d13daad2771c9c3b66736141f64dfa004ba8756b541ade5
./attached_assets/VeganMap_Replit_Whisper_GPT4o_1753896862671.zip,4904,1754805483,d683090ed377c9e3929ac672b17b76f68a975b59473cd2b4ead3f36104deeeb2
./docs/archive/duplicates/attached_assets/VeganMap_Replit_Whisper_GPT4o_1753896862671.zip,4904,1754805483,d683090ed377c9e3929ac672b17b76f68a975b59473cd2b4ead3f36104deeeb2
./docs/archive/old-versions/upgraded_full/attached_assets/VeganMap_Replit_Whisper_GPT4o_1753896862671.zip,4904,1754805484,d683090ed377c9e3929ac672b17b76f68a975b59473cd2b4ead3f36104deeeb2
./docs/archive/old-versions/VeganMapAI-main/attached_assets/VeganMap_Replit_Whisper_GPT4o_1753896862671.zip,4904,1754805483,d683090ed377c9e3929ac672b17b76f68a975b59473cd2b4ead3f36104deeeb2
./attached_assets/image_1754922682928.png,5753673,1754922686,42bd6689cef0750dc7dd344d37d4393887fe6860456f03e94c9426b8a2aedebf
./attached_assets/image_1754923946350.png,5753673,1754923950,42bd6689cef0750dc7dd344d37d4393887fe6860456f03e94c9426b8a2aedebf
./attached_assets/image_1754924272549.png,5753673,1754924275,42bd6689cef0750dc7dd344d37d4393887fe6860456f03e94c9426b8a2aedebf
./node_modules/ms/readme.md,1886,1754805502,8bf6c4f414b123ea2a9375b91982882d01d8561ce7d12e3bb4f448c23359f040
./veganmapai/backend/node_modules/express/node_modules/ms/readme.md,1886,1754983296,8bf6c4f414b123ea2a9375b91982882d01d8561ce7d12e3bb4f448c23359f040
./veganmapai/backend/node_modules/body-parser/node_modules/ms/readme.md,1886,1754983296,8bf6c4f414b123ea2a9375b91982882d01d8561ce7d12e3bb4f448c23359f040
./veganmapai/backend/node_modules/finalhandler/node_modules/ms/readme.md,1886,1754983296,8bf6c4f414b123ea2a9375b91982882d01d8561ce7d12e3bb4f448c23359f040
./veganmapai/backend/node_modules/router/node_modules/ms/readme.md,1886,1754983296,8bf6c4f414b123ea2a9375b91982882d01d8561ce7d12e3bb4f448c23359f040
./veganmapai/backend/node_modules/send/node_modules/ms/readme.md,1886,1754983296,8bf6c4f414b123ea2a9375b91982882d01d8561ce7d12e3bb4f448c23359f040
./node_modules/@voiceflow/pino/docs/child-loggers.md,2835,1754805505,34117e375992bb6a48a2efd2a4e1c23b7e448b5fac21fe253a8e510272e16b9e
./node_modules/pino/docs/child-loggers.md,2835,1754805507,34117e375992bb6a48a2efd2a4e1c23b7e448b5fac21fe253a8e510272e16b9e
./attached_assets/image_1754928513134.png,7107550,1754928518,2512f10f020bceef110dac3b5b60334f6d1ab5aea8b905d5a3421b61ed1da77d
./attached_assets/image_1754929806936.png,7107550,1754929811,2512f10f020bceef110dac3b5b60334f6d1ab5aea8b905d5a3421b61ed1da77d
./node_modules/@voiceflow/pino/docs/asynchronous.md,3851,1754805505,0dba369c860dac09c80e58547ca94efe2d620b1442feb6b5c644a60022d1c717
./node_modules/pino/docs/asynchronous.md,3851,1754805506,0dba369c860dac09c80e58547ca94efe2d620b1442feb6b5c644a60022d1c717
./node_modules/statuses/README.md,3559,1754805502,cfed51ffe74e16e4d6945854d440366e0ca9f349d84807ed5ad0bddde2f006f4
./veganmapai/backend/node_modules/http-errors/node_modules/statuses/README.md,3559,1754983296,cfed51ffe74e16e4d6945854d440366e0ca9f349d84807ed5ad0bddde2f006f4
./node_modules/mime-types/HISTORY.md,8812,1754805503,277b1cfc3e8fdb57e8b3fc9ebdef37d108ac13572b60091cccaf0e863167adc0
./veganmapai/backend/node_modules/form-data/node_modules/mime-types/HISTORY.md,8812,1754983296,277b1cfc3e8fdb57e8b3fc9ebdef37d108ac13572b60091cccaf0e863167adc0
./.cache/typescript/5.6/node_modules/@types/qs/README.md,803,1755332671,ecf91c19f9ac83e95eb892c6abd9d5782ed87bdfd385d5bc1bdee6dffa41e156
./veganmapai/backend/node_modules/@types/qs/README.md,803,1754983300,ecf91c19f9ac83e95eb892c6abd9d5782ed87bdfd385d5bc1bdee6dffa41e156
./attached_assets/image_1754928045905.png,7107281,1754928050,599ec30e8676071882d11c3b83d32944d1bfaea66aecf9c2a8801a6b9ac6b997
./attached_assets/image_1754928361926.png,7107281,1754928365,599ec30e8676071882d11c3b83d32944d1bfaea66aecf9c2a8801a6b9ac6b997
./node_modules/es-define-property/CHANGELOG.md,2296,1754805504,fe3c3c181877529ccb5cce2f34779fa3fd28a5c5d239ca4c2a36e617dc3589b7
./veganmapai/backend/node_modules/es-define-property/CHANGELOG.md,2296,1754983295,fe3c3c181877529ccb5cce2f34779fa3fd28a5c5d239ca4c2a36e617dc3589b7
./node_modules/call-bind-apply-helpers/README.md,2330,1754805504,9505a31673f63c1d4fe2fa70fbfcbf6b6ad71a323911e2e94ad9bf6649c9e002
./veganmapai/backend/node_modules/call-bind-apply-helpers/README.md,2330,1754983296,9505a31673f63c1d4fe2fa70fbfcbf6b6ad71a323911e2e94ad9bf6649c9e002
./attached_assets/image_1753623459082.png,1509620,1754805483,286192ae348c74de9a63b9c5dfecfdde9779b9fc909afe6a40421d24b0cfcaf3
./docs/archive/duplicates/attached_assets/image_1753623459082.png,1509620,1754805483,286192ae348c74de9a63b9c5dfecfdde9779b9fc909afe6a40421d24b0cfcaf3
./docs/archive/old-versions/upgraded_full/attached_assets/image_1753623459082.png,1509620,1754805484,286192ae348c74de9a63b9c5dfecfdde9779b9fc909afe6a40421d24b0cfcaf3
./docs/archive/old-versions/VeganMapAI-main/attached_assets/image_1753623459082.png,1509620,1754805483,286192ae348c74de9a63b9c5dfecfdde9779b9fc909afe6a40421d24b0cfcaf3
./node_modules/range-parser/README.md,2278,1754805502,886bf556a8a88adc2aac86da3c8d63106e1c8e7854eb14bc1c095edc074163f8
./veganmapai/backend/node_modules/range-parser/README.md,2278,1754983295,886bf556a8a88adc2aac86da3c8d63106e1c8e7854eb14bc1c095edc074163f8
./node_modules/resolve-pkg-maps/README.md,7773,1754805502,cb82232c87083b5f5afc2a4b4ed80b6dc3680ee443d1d52b16be8523283c2dc4
./veganmapai/backend/node_modules/resolve-pkg-maps/README.md,7773,1754983300,cb82232c87083b5f5afc2a4b4ed80b6dc3680ee443d1d52b16be8523283c2dc4
./node_modules/wrappy/README.md,685,1754805501,0d2537e86a9e5ae85d8e53910d779895179035c9daa35555874ec19f1225c224
./veganmapai/backend/node_modules/wrappy/README.md,685,1754983295,0d2537e86a9e5ae85d8e53910d779895179035c9daa35555874ec19f1225c224
./attached_assets/image_1753622473727.png,1695283,1754805483,56703ad574f65428049ebb53db5379b10f8759c756b8ed4adc687b6f5e71423f
./docs/archive/duplicates/attached_assets/image_1753622473727.png,1695283,1754805483,56703ad574f65428049ebb53db5379b10f8759c756b8ed4adc687b6f5e71423f
./docs/archive/old-versions/upgraded_full/attached_assets/image_1753622473727.png,1695283,1754805484,56703ad574f65428049ebb53db5379b10f8759c756b8ed4adc687b6f5e71423f
./docs/archive/old-versions/VeganMapAI-main/attached_assets/image_1753622473727.png,1695283,1754805483,56703ad574f65428049ebb53db5379b10f8759c756b8ed4adc687b6f5e71423f
./node_modules/compressible/HISTORY.md,1976,1754805504,22695ae7179cca43afca65422ab55d0907bed04bed1e739140cdfbbd26d1e868
./veganmapai/backend/node_modules/compressible/HISTORY.md,1976,1754983296,22695ae7179cca43afca65422ab55d0907bed04bed1e739140cdfbbd26d1e868
./node_modules/@voiceflow/runtime-client-js/node_modules/axios/UPGRADE_GUIDE.md,4811,1754805508,8876386e4d881e6da16d9abadd9fc054d0c638eee8e279c5a937accefc680c09
./node_modules/@voiceflow/api-sdk/node_modules/axios/UPGRADE_GUIDE.md,4811,1754805508,8876386e4d881e6da16d9abadd9fc054d0c638eee8e279c5a937accefc680c09
./node_modules/react-is/README.md,2378,1754805502,c255107ea9a45a3938ac6d0738032e5bdbcc2719fce4d5e9199fdee86a0d2e5d
./node_modules/prop-types/node_modules/react-is/README.md,2378,1754805506,c255107ea9a45a3938ac6d0738032e5bdbcc2719fce4d5e9199fdee86a0d2e5d
./node_modules/parseurl/HISTORY.md,1043,1754805502,aa6e5cd75ddde03b54623af11e6aeb6f92ccf6a1c69805b20890228182030189
./veganmapai/backend/node_modules/parseurl/HISTORY.md,1043,1754983295,aa6e5cd75ddde03b54623af11e6aeb6f92ccf6a1c69805b20890228182030189
./attached_assets/image_1753623164793.png,1674521,1754805483,c5304f65db3559ea66c72106888e5af7574ff27cce969519c6ae6582cc9f3042
./docs/archive/duplicates/attached_assets/image_1753623164793.png,1674521,1754805483,c5304f65db3559ea66c72106888e5af7574ff27cce969519c6ae6582cc9f3042
./docs/archive/old-versions/upgraded_full/attached_assets/image_1753623164793.png,1674521,1754805484,c5304f65db3559ea66c72106888e5af7574ff27cce969519c6ae6582cc9f3042
./docs/archive/old-versions/VeganMapAI-main/attached_assets/image_1753623164793.png,1674521,1754805483,c5304f65db3559ea66c72106888e5af7574ff27cce969519c6ae6582cc9f3042
./node_modules/motion-utils/LICENSE.md,1130,1754805503,835262a9cbe18af107043fab492b1922dd5ecc8db76f22f95149bc0143ac9847
./node_modules/motion-dom/LICENSE.md,1130,1754805504,835262a9cbe18af107043fab492b1922dd5ecc8db76f22f95149bc0143ac9847
./.cache/typescript/5.6/node_modules/@types/range-parser/README.md,1640,1755332671,4fbafc0508ea5e9ccef3512c08799c823cfa700048eb62a5b28448344413faa6
./node_modules/@types/range-parser/README.md,1640,1754805504,4fbafc0508ea5e9ccef3512c08799c823cfa700048eb62a5b28448344413faa6
./veganmapai/backend/node_modules/@types/range-parser/README.md,1640,1754983300,4fbafc0508ea5e9ccef3512c08799c823cfa700048eb62a5b28448344413faa6
./node_modules/get-intrinsic/README.md,2791,1754805504,15f5365e3e1d4182780423363296e53408ff4254dc958a6e52a05a7dcee324b4
./veganmapai/backend/node_modules/get-intrinsic/README.md,2791,1754983296,15f5365e3e1d4182780423363296e53408ff4254dc958a6e52a05a7dcee324b4
./.cache/typescript/5.6/node_modules/@types/connect/README.md,562,1755332671,3feeaa70407d7e59077684ede9460568923555bbf98453857d1a810b289f0e17
./node_modules/@types/connect/README.md,562,1754805505,3feeaa70407d7e59077684ede9460568923555bbf98453857d1a810b289f0e17
./veganmapai/backend/node_modules/@types/connect/README.md,562,1754983300,3feeaa70407d7e59077684ede9460568923555bbf98453857d1a810b289f0e17
./node_modules/compression/README.md,9962,1754805504,6eb7a5ce4dd77dd151dcac278e6c5124f93e22e2261c4ab017d9adcb62df0a33
./veganmapai/backend/node_modules/compression/README.md,9962,1754983296,6eb7a5ce4dd77dd151dcac278e6c5124f93e22e2261c4ab017d9adcb62df0a33
./attached_assets/image_1753636015359.png,1709865,1754805483,848db41eb6bb91ec18f399dd50444c6ea559223cc4e5d10bebe8b79253d6dec1
./docs/archive/duplicates/attached_assets/image_1753636015359.png,1709865,1754805483,848db41eb6bb91ec18f399dd50444c6ea559223cc4e5d10bebe8b79253d6dec1
./docs/archive/old-versions/upgraded_full/attached_assets/image_1753636015359.png,1709865,1754805484,848db41eb6bb91ec18f399dd50444c6ea559223cc4e5d10bebe8b79253d6dec1
./docs/archive/old-versions/VeganMapAI-main/attached_assets/image_1753636015359.png,1709865,1754805483,848db41eb6bb91ec18f399dd50444c6ea559223cc4e5d10bebe8b79253d6dec1
./node_modules/setprototypeof/README.md,844,1754805502,5ac2886221898d2e967df16753e4d64367957261d362fadd1817a9c80b1a6918
./veganmapai/backend/node_modules/setprototypeof/README.md,844,1754983295,5ac2886221898d2e967df16753e4d64367957261d362fadd1817a9c80b1a6918
./node_modules/hasown/CHANGELOG.md,2579,1754805503,9e4f7fd1854e2dce08e3587ac7b8b40c191987d6c4fd71e20139d39e80e3e430
./veganmapai/backend/node_modules/hasown/CHANGELOG.md,2579,1754983295,9e4f7fd1854e2dce08e3587ac7b8b40c191987d6c4fd71e20139d39e80e3e430
./public/icons/icon-192.png,70,1754805484,497790947d4666760ce38f3c00e852c71fdb66cae849bae8e9ede352719e1581
./public/icons/icon-512.png,70,1754805484,497790947d4666760ce38f3c00e852c71fdb66cae849bae8e9ede352719e1581
./public/icons/placeholder.png,70,1754805484,497790947d4666760ce38f3c00e852c71fdb66cae849bae8e9ede352719e1581
./node_modules/finalhandler/README.md,4120,1754805503,4a069124a373114333e65f022ce5183fda08e3ac18b999c70f0f01fd193ec8e4
./veganmapai/backend/node_modules/finalhandler/README.md,4120,1754983296,4a069124a373114333e65f022ce5183fda08e3ac18b999c70f0f01fd193ec8e4
./node_modules/tailwindcss/lib/postcss-plugins/nesting/README.md,1728,1754805512,2c924a187ba70f68c67b6577fa7c7943eab68b40e4a5d12eef64ef7eda70a1e3
./node_modules/tailwindcss/src/postcss-plugins/nesting/README.md,1728,1754805512,2c924a187ba70f68c67b6577fa7c7943eab68b40e4a5d12eef64ef7eda70a1e3
./node_modules/@voiceflow/pino/node_modules/sonic-boom/README.md,2646,1754805506,e76d057686b87ed307b94e4a53f2803adf5181546cae630a2e891115b03c5c9a
./node_modules/pino/node_modules/sonic-boom/README.md,2646,1754805506,e76d057686b87ed307b94e4a53f2803adf5181546cae630a2e891115b03c5c9a
./node_modules/range-parser/HISTORY.md,917,1754805502,aa0d8d70a8c3cdd30685235914ca2422a4e9fd2fa901b166811fa130d05d3f06
./veganmapai/backend/node_modules/range-parser/HISTORY.md,917,1754983295,aa0d8d70a8c3cdd30685235914ca2422a4e9fd2fa901b166811fa130d05d3f06
./node_modules/safe-buffer/README.md,19555,1754805502,d301a850808775718ddb510d4bf2a922d9b0afa72894e67137daa20fbeafac05
./veganmapai/backend/node_modules/safe-buffer/README.md,19555,1754983296,d301a850808775718ddb510d4bf2a922d9b0afa72894e67137daa20fbeafac05
./node_modules/@voiceflow/runtime-client-js/node_modules/axios/CHANGELOG.md,44886,1754805508,594dc09cca2486c25f293895b3e2b2e48d24b2fcbe773adb590ca3487ec24dc1
./node_modules/@voiceflow/api-sdk/node_modules/axios/CHANGELOG.md,44886,1754805508,594dc09cca2486c25f293895b3e2b2e48d24b2fcbe773adb590ca3487ec24dc1
./node_modules/get-proto/README.md,1794,1754805504,5a3c611a2e47ccbe9b01df7ee9f6bce0a2035fd35acbff028e5ceef77a1331ee
./veganmapai/backend/node_modules/get-proto/README.md,1794,1754983296,5a3c611a2e47ccbe9b01df7ee9f6bce0a2035fd35acbff028e5ceef77a1331ee
./attached_assets/image_1753804445220.png,638569,1754805483,402b63d6cdc81304c0ff0c238db8a452335bc7c3478f14743c655080a0b5b342
./docs/archive/duplicates/attached_assets/image_1753804445220.png,638569,1754805483,402b63d6cdc81304c0ff0c238db8a452335bc7c3478f14743c655080a0b5b342
./docs/archive/old-versions/upgraded_full/attached_assets/image_1753804445220.png,638569,1754805484,402b63d6cdc81304c0ff0c238db8a452335bc7c3478f14743c655080a0b5b342
./docs/archive/old-versions/VeganMapAI-main/attached_assets/image_1753804445220.png,638569,1754805483,402b63d6cdc81304c0ff0c238db8a452335bc7c3478f14743c655080a0b5b342
./node_modules/express-session/node_modules/cookie/README.md,11769,1754805506,ba8b36c7d860d6ef37887b6ef496a486e91aefe5229f65157cc8b44725b9bec5
./node_modules/cookie/README.md,11769,1754805504,ba8b36c7d860d6ef37887b6ef496a486e91aefe5229f65157cc8b44725b9bec5
./veganmapai/backend/node_modules/cookie/README.md,11769,1754983296,ba8b36c7d860d6ef37887b6ef496a486e91aefe5229f65157cc8b44725b9bec5
./node_modules/math-intrinsics/README.md,1884,1754805504,9ac2e749aed9f8259749e0fa1f8caebf3112340ac8d27ba88071744bde8f9b7e
./veganmapai/backend/node_modules/math-intrinsics/README.md,1884,1754983296,9ac2e749aed9f8259749e0fa1f8caebf3112340ac8d27ba88071744bde8f9b7e
./.cache/typescript/5.6/node_modules/@types/memoizee/README.md,1526,1755332671,0d18a4afdd79e8121d435a2654cb23fcb615a63d812a483e1b01d91d5a595cc7
./node_modules/@types/memoizee/README.md,1526,1754805504,0d18a4afdd79e8121d435a2654cb23fcb615a63d812a483e1b01d91d5a595cc7
./node_modules/call-bind-apply-helpers/CHANGELOG.md,1938,1754805504,66327c6e1f42173b24ddd1c04500518452d501c957c314c5c366a5e39bdfcc85
./veganmapai/backend/node_modules/call-bind-apply-helpers/CHANGELOG.md,1938,1754983296,66327c6e1f42173b24ddd1c04500518452d501c957c314c5c366a5e39bdfcc85
./.cache/typescript/5.6/node_modules/@types/connect-pg-simple/README.md,2329,1755332671,f48d60fbbf90bbaff95f41b50a3c0507d0fcda55d1b6265a9a777f639fbbab69
./node_modules/@types/connect-pg-simple/README.md,2329,1754805505,f48d60fbbf90bbaff95f41b50a3c0507d0fcda55d1b6265a9a777f639fbbab69
./node_modules/es-object-atoms/README.md,2603,1754805504,7ed12f453b83efdb7ace289312b40ff3eaf810d548347636b8274f56b4af9244
./veganmapai/backend/node_modules/es-object-atoms/README.md,2603,1754983296,7ed12f453b83efdb7ace289312b40ff3eaf810d548347636b8274f56b4af9244
./node_modules/dotenv/README.md,22761,1754805504,2af021fa979b9406e0b10df706984c16b92cb4cc2f3eabe873d2bf28ebc10d62
./veganmapai/backend/node_modules/dotenv/README.md,22761,1754983296,2af021fa979b9406e0b10df706984c16b92cb4cc2f3eabe873d2bf28ebc10d62
./.cache/typescript/5.6/node_modules/@types/serve-static/README.md,814,1755332671,79d18723f01cc9c8b2af5c3420e685700abaf89c96c79790729491c2ecf72717
./veganmapai/backend/node_modules/@types/serve-static/README.md,814,1754983300,79d18723f01cc9c8b2af5c3420e685700abaf89c96c79790729491c2ecf72717
./node_modules/ee-first/README.md,2617,1754805503,4480e03d020436e665886a99120abb2ee7fb422850e1b53ccbdbdbd251414c23
./veganmapai/backend/node_modules/ee-first/README.md,2617,1754983295,4480e03d020436e665886a99120abb2ee7fb422850e1b53ccbdbdbd251414c23
./.cache/typescript/5.6/node_modules/postgres-bytea/readme.md,504,1755332671,24d2c6e5bc32e86c9263af0d8ca2e5217a43565a311942888ba979fd5b0ed550
./node_modules/postgres-bytea/readme.md,504,1754805564,24d2c6e5bc32e86c9263af0d8ca2e5217a43565a311942888ba979fd5b0ed550
./attached_assets/image_1753720662576.png,1519619,1754805483,181c2d51661dc58026f45e91b560dd428bbb182185060878883b02bff682ecef
./docs/archive/duplicates/attached_assets/image_1753720662576.png,1519619,1754805483,181c2d51661dc58026f45e91b560dd428bbb182185060878883b02bff682ecef
./docs/archive/old-versions/upgraded_full/attached_assets/image_1753720662576.png,1519619,1754805484,181c2d51661dc58026f45e91b560dd428bbb182185060878883b02bff682ecef
./docs/archive/old-versions/VeganMapAI-main/attached_assets/image_1753720662576.png,1519619,1754805483,181c2d51661dc58026f45e91b560dd428bbb182185060878883b02bff682ecef
./attached_assets/image_1754623222689.png,311421,1754805484,e1267d7890799be3a3be270f6965d01fb03a72bca5becef149ea4b5ed11d2adb
./attached_assets/image_1754623228579.png,311421,1754805484,e1267d7890799be3a3be270f6965d01fb03a72bca5becef149ea4b5ed11d2adb
./.cache/typescript/5.6/node_modules/undici-types/README.md,455,1755332671,c8cced6ec588c55b07e35733258cb7d6b63e3426ee7490aa9267aab4bda0fb20
./node_modules/undici-types/README.md,455,1754805501,c8cced6ec588c55b07e35733258cb7d6b63e3426ee7490aa9267aab4bda0fb20
./veganmapai/backend/node_modules/undici-types/README.md,455,1754983300,c8cced6ec588c55b07e35733258cb7d6b63e3426ee7490aa9267aab4bda0fb20
./node_modules/dotenv/CHANGELOG.md,20623,1754805504,b73160ab3ed635a20babf3aaec211478ede326f69f3bc23d800ba99f4048bff0
./veganmapai/backend/node_modules/dotenv/CHANGELOG.md,20623,1754983296,b73160ab3ed635a20babf3aaec211478ede326f69f3bc23d800ba99f4048bff0
./.cache/typescript/5.6/node_modules/@types/express/README.md,834,1755332671,36c8224aa1e917d2e2baf9f6ea55419549cbb4267d83f848102d09078ed1e5a0
./veganmapai/backend/node_modules/@types/express/README.md,834,1754983300,36c8224aa1e917d2e2baf9f6ea55419549cbb4267d83f848102d09078ed1e5a0
./node_modules/safer-buffer/Readme.md,8261,1754805502,d4331b7c5af9c02161150daf9451ee6bc7a73ece3ec0312603fae09f46a817d8
./veganmapai/backend/node_modules/safer-buffer/Readme.md,8261,1754983295,d4331b7c5af9c02161150daf9451ee6bc7a73ece3ec0312603fae09f46a817d8
./node_modules/safer-buffer/Porting-Buffer.md,12794,1754805502,134523d05b39e177135c2a2070a426eb319657dfc77589e38ef7cf13cd50e730
./veganmapai/backend/node_modules/safer-buffer/Porting-Buffer.md,12794,1754983295,134523d05b39e177135c2a2070a426eb319657dfc77589e38ef7cf13cd50e730
./attached_assets/replit.md,36266,1754805484,7e528adb917234a78bfdb19a0e92820f6defa828d78dce0341a74b7706b06944
./docs/archive/old-versions/upgraded_full/replit.md,36266,1754805484,7e528adb917234a78bfdb19a0e92820f6defa828d78dce0341a74b7706b06944
./docs/archive/old-versions/VeganMapAI-main/replit.md,36266,1754805483,7e528adb917234a78bfdb19a0e92820f6defa828d78dce0341a74b7706b06944
./attached_assets/CostAPI Gemini _1753717566072.docx,11275,1754805483,95a37327571fa9fcb1e6319d61c3e53794b328b7dc048efccf544388e4768a53
./docs/archive/duplicates/attached_assets/CostAPI Gemini _1753717566072.docx,11275,1754805483,95a37327571fa9fcb1e6319d61c3e53794b328b7dc048efccf544388e4768a53
./docs/archive/old-versions/upgraded_full/attached_assets/CostAPI Gemini _1753717566072.docx,11275,1754805484,95a37327571fa9fcb1e6319d61c3e53794b328b7dc048efccf544388e4768a53
./docs/archive/old-versions/VeganMapAI-main/attached_assets/CostAPI Gemini _1753717566072.docx,11275,1754805483,95a37327571fa9fcb1e6319d61c3e53794b328b7dc048efccf544388e4768a53
./node_modules/@voiceflow/pino/docs/ecosystem.md,4238,1754805506,416be44bad670ab13371be6c8515e31573783900077dc8d7edf606f8b0267a90
./node_modules/pino/docs/ecosystem.md,4238,1754805507,416be44bad670ab13371be6c8515e31573783900077dc8d7edf606f8b0267a90
./attached_assets/image_1753622992272.png,1657512,1754805483,09f639b5256594770cc4e7c55b960c08f6a6ea425bd399c7b642a15224fd2244
./docs/archive/duplicates/attached_assets/image_1753622992272.png,1657512,1754805483,09f639b5256594770cc4e7c55b960c08f6a6ea425bd399c7b642a15224fd2244
./docs/archive/old-versions/upgraded_full/attached_assets/image_1753622992272.png,1657512,1754805484,09f639b5256594770cc4e7c55b960c08f6a6ea425bd399c7b642a15224fd2244
./docs/archive/old-versions/VeganMapAI-main/attached_assets/image_1753622992272.png,1657512,1754805483,09f639b5256594770cc4e7c55b960c08f6a6ea425bd399c7b642a15224fd2244
./.cache/typescript/5.6/node_modules/@types/compression/README.md,812,1755332671,f3b3b2ee3695b5795a6121ccf7f9cb4e0927b0b3d05ba6b1a99378453d3cba54
./node_modules/@types/compression/README.md,812,1754883187,f3b3b2ee3695b5795a6121ccf7f9cb4e0927b0b3d05ba6b1a99378453d3cba54
./node_modules/ipaddr.js/README.md,8309,1754805503,025b1282fbbc2f7f270e08b29414b7bbde469284564477f38b3519446aa16220
./veganmapai/backend/node_modules/ipaddr.js/README.md,8309,1754983295,025b1282fbbc2f7f270e08b29414b7bbde469284564477f38b3519446aa16220
./node_modules/compression/node_modules/negotiator/HISTORY.md,2581,1754805506,893c24bb50eda5027b9692aaa3b956587907e6e9ea7893eb67699f82c11467c5
./veganmapai/backend/node_modules/negotiator/HISTORY.md,2581,1754983296,893c24bb50eda5027b9692aaa3b956587907e6e9ea7893eb67699f82c11467c5
./.cache/typescript/5.6/node_modules/xtend/README.md,726,1755332671,fe5fb4d83470799709c32207fc1fff3e522070b2c625a9818f191125406cd360
./node_modules/xtend/README.md,726,1754805501,fe5fb4d83470799709c32207fc1fff3e522070b2c625a9818f191125406cd360
./attached_assets/VeganScore_API_Инструменти_Разходи_1753717566070.xlsx,5927,1754805483,be46738c3035afbc5674d139018d05c82a72025d4f69d19d68af899bb2a019f7
./docs/archive/duplicates/attached_assets/VeganScore_API_Инструменти_Разходи_1753717566070.xlsx,5927,1754805483,be46738c3035afbc5674d139018d05c82a72025d4f69d19d68af899bb2a019f7
./docs/archive/old-versions/upgraded_full/attached_assets/VeganScore_API_Инструменти_Разходи_1753717566070.xlsx,5927,1754805484,be46738c3035afbc5674d139018d05c82a72025d4f69d19d68af899bb2a019f7
./docs/archive/old-versions/VeganMapAI-main/attached_assets/VeganScore_API_Инструменти_Разходи_1753717566070.xlsx,5927,1754805483,be46738c3035afbc5674d139018d05c82a72025d4f69d19d68af899bb2a019f7
./.cache/typescript/5.6/node_modules/@types/geojson/README.md,637,1755332671,e80bc33f782f24db5b0c9ec56ec17b489ffbf169acc8e506b953296a32a6ebbf
./node_modules/@types/geojson/README.md,637,1754805505,e80bc33f782f24db5b0c9ec56ec17b489ffbf169acc8e506b953296a32a6ebbf
./node_modules/dotenv/README-es.md,14980,1754805504,056f1346cd9b7dd34357c6fcced3e508d0d927808dce9251adb87bc327666bb3
./veganmapai/backend/node_modules/dotenv/README-es.md,14980,1754983296,056f1346cd9b7dd34357c6fcced3e508d0d927808dce9251adb87bc327666bb3
./node_modules/cors/CONTRIBUTING.md,1028,1754922869,136c0fbf0d03c8f164fcd36e4950cdf478dec4300e7044bbf48d6b67a13a24c0
./veganmapai/backend/node_modules/cors/CONTRIBUTING.md,1028,1754983295,136c0fbf0d03c8f164fcd36e4950cdf478dec4300e7044bbf48d6b67a13a24c0
./attached_assets/image_1753622917072.png,1681783,1754805483,e4ed76093f1ca8943378e5e3c99026d7d4c781a77aaaed5e18b515359dd086bc
./docs/archive/duplicates/attached_assets/image_1753622917072.png,1681783,1754805483,e4ed76093f1ca8943378e5e3c99026d7d4c781a77aaaed5e18b515359dd086bc
./docs/archive/old-versions/upgraded_full/attached_assets/image_1753622917072.png,1681783,1754805484,e4ed76093f1ca8943378e5e3c99026d7d4c781a77aaaed5e18b515359dd086bc
./docs/archive/old-versions/VeganMapAI-main/attached_assets/image_1753622917072.png,1681783,1754805483,e4ed76093f1ca8943378e5e3c99026d7d4c781a77aaaed5e18b515359dd086bc
./node_modules/function-bind/CHANGELOG.md,13812,1754805504,c44d3c98a0cf4f95fef7845da104deca900d24853589767bbeb380406ce1dab2
./veganmapai/backend/node_modules/function-bind/CHANGELOG.md,13812,1754983296,c44d3c98a0cf4f95fef7845da104deca900d24853589767bbeb380406ce1dab2
./node_modules/content-disposition/README.md,5205,1754805504,871c5ec648b67ad1a5791c6c4f95e5bb5df78ecc9aae0a3387e2a08e068c6968
./veganmapai/backend/node_modules/content-disposition/README.md,5205,1754983296,871c5ec648b67ad1a5791c6c4f95e5bb5df78ecc9aae0a3387e2a08e068c6968
./node_modules/dotenv/SECURITY.md,69,1754805504,a721e1a4bd3baa5228447211d47d2b38fbc3adf7b5588de0d728eeda398271ca
./veganmapai/backend/node_modules/dotenv/SECURITY.md,69,1754983296,a721e1a4bd3baa5228447211d47d2b38fbc3adf7b5588de0d728eeda398271ca
./node_modules/wrap-ansi-cjs/node_modules/ansi-styles/readme.md,4327,1754805506,5331953ca5464ee026f09bd413dfe0949049ce9a8bf2b01aad5c41b2712e66ac
./node_modules/chalk/node_modules/ansi-styles/readme.md,4327,1754805506,5331953ca5464ee026f09bd413dfe0949049ce9a8bf2b01aad5c41b2712e66ac
./node_modules/@voiceflow/runtime/.github/PULL_REQUEST_TEMPLATE.md,1201,1754805509,12a972b045788c7187d0fd159902446995eb0b6d874762a352460033dd9a7ba5
./node_modules/@voiceflow/api-sdk/.github/PULL_REQUEST_TEMPLATE.md,1201,1754805508,12a972b045788c7187d0fd159902446995eb0b6d874762a352460033dd9a7ba5
./node_modules/on-finished/README.md,5160,1754805502,b52e3f3a4ce4fa24c28fe59ccc08b5f4866eb5dd57943718a4a914f35901aa89
./veganmapai/backend/node_modules/on-finished/README.md,5160,1754983296,b52e3f3a4ce4fa24c28fe59ccc08b5f4866eb5dd57943718a4a914f35901aa89
./node_modules/function-bind/README.md,1755,1754805504,305fc05a184a5afa3766893be87d24e4c0f2e8561b66463a51aee4b196b1dc48
./veganmapai/backend/node_modules/function-bind/README.md,1755,1754983296,305fc05a184a5afa3766893be87d24e4c0f2e8561b66463a51aee4b196b1dc48
./node_modules/toidentifier/HISTORY.md,128,1754805501,4839c59f4e7364d7db5746d3f63fb54c0e81aa8b2c7dbd20009438d1d0864cf0
./veganmapai/backend/node_modules/toidentifier/HISTORY.md,128,1754983295,4839c59f4e7364d7db5746d3f63fb54c0e81aa8b2c7dbd20009438d1d0864cf0
./attached_assets/image_1753722275491.png,663165,1754805483,2e5f706f5f19ecaf0ec505d418eeed173d23716c139b59a89ab0d574fbf4421f
./docs/archive/duplicates/attached_assets/image_1753722275491.png,663165,1754805483,2e5f706f5f19ecaf0ec505d418eeed173d23716c139b59a89ab0d574fbf4421f
./docs/archive/old-versions/upgraded_full/attached_assets/image_1753722275491.png,663165,1754805484,2e5f706f5f19ecaf0ec505d418eeed173d23716c139b59a89ab0d574fbf4421f
./docs/archive/old-versions/VeganMapAI-main/attached_assets/image_1753722275491.png,663165,1754805483,2e5f706f5f19ecaf0ec505d418eeed173d23716c139b59a89ab0d574fbf4421f
./node_modules/bytes/Readme.md,4770,1754805504,761e5a8818f8de496a4df6632fa30df65b62e00d5db2b297096c63e07d61f740
./veganmapai/backend/node_modules/bytes/Readme.md,4770,1754983296,761e5a8818f8de496a4df6632fa30df65b62e00d5db2b297096c63e07d61f740
./.cache/typescript/5.6/node_modules/postgres-date/readme.md,1521,1755332671,ac45d399addd5e87db86d35adf84755bceadb0aee2360daeffd7af2d4ab41472
./node_modules/postgres-date/readme.md,1521,1754805564,ac45d399addd5e87db86d35adf84755bceadb0aee2360daeffd7af2d4ab41472
./.cache/typescript/5.6/node_modules/postgres-array/readme.md,692,1755332671,d6b0e269174660704b3d72438334a52d2bcb2f353a3354f3c7cd65771e27c0de
./node_modules/postgres-array/readme.md,692,1754805564,d6b0e269174660704b3d72438334a52d2bcb2f353a3354f3c7cd65771e27c0de
./node_modules/typescript/SECURITY.md,2656,1754805514,7b6976eec43edfa68b79a459dd089c56b7a395916dbf1a01bd11e6d86e12128f
./veganmapai/backend/node_modules/typescript/SECURITY.md,2656,1754983301,7b6976eec43edfa68b79a459dd089c56b7a395916dbf1a01bd11e6d86e12128f
./node_modules/compression/node_modules/debug/CHANGELOG.md,11707,1754805506,d8c1b0717964e189010b13521379c3b970eecc889cb8b788ac21d8dd85247165
./node_modules/express-session/node_modules/debug/CHANGELOG.md,11707,1754805506,d8c1b0717964e189010b13521379c3b970eecc889cb8b788ac21d8dd85247165
./node_modules/body-parser/node_modules/debug/CHANGELOG.md,11707,1754805506,d8c1b0717964e189010b13521379c3b970eecc889cb8b788ac21d8dd85247165
./node_modules/express/node_modules/debug/CHANGELOG.md,11707,1754805506,d8c1b0717964e189010b13521379c3b970eecc889cb8b788ac21d8dd85247165
./node_modules/finalhandler/node_modules/debug/CHANGELOG.md,11707,1754805506,d8c1b0717964e189010b13521379c3b970eecc889cb8b788ac21d8dd85247165
./node_modules/send/node_modules/debug/CHANGELOG.md,11707,1754805506,d8c1b0717964e189010b13521379c3b970eecc889cb8b788ac21d8dd85247165
./veganmapai/backend/node_modules/debug/CHANGELOG.md,11707,1754983296,d8c1b0717964e189010b13521379c3b970eecc889cb8b788ac21d8dd85247165
./node_modules/is-promise/readme.md,864,1754805503,82147f87279a9b4240e3f4746b236e1662eac4f1d2c0d5ff587ee20c16abafc8
./veganmapai/backend/node_modules/is-promise/readme.md,864,1754983295,82147f87279a9b4240e3f4746b236e1662eac4f1d2c0d5ff587ee20c16abafc8
./node_modules/unpipe/README.md,1250,1754805501,b091938be61f002fc626c4dfabf66cf14ff0b5a8fa9758c9dbbdc37ab818cb5d
./veganmapai/backend/node_modules/unpipe/README.md,1250,1754983295,b091938be61f002fc626c4dfabf66cf14ff0b5a8fa9758c9dbbdc37ab818cb5d
./node_modules/content-type/HISTORY.md,523,1754805504,a8b6514926048a9bfad6c058a3f374797d1a752b47d00b03b34ff61d093a3b5d
./veganmapai/backend/node_modules/content-type/HISTORY.md,523,1754983296,a8b6514926048a9bfad6c058a3f374797d1a752b47d00b03b34ff61d093a3b5d
./node_modules/vary/HISTORY.md,792,1754805501,273b0ea4abb4c7357db4eed63e84f7a283847ed0165d041b25be37071284d7e5
./veganmapai/backend/node_modules/vary/HISTORY.md,792,1754983296,273b0ea4abb4c7357db4eed63e84f7a283847ed0165d041b25be37071284d7e5
./node_modules/string-width-cjs/node_modules/strip-ansi/readme.md,1599,1754805506,cb384db30337ecec75919b4c69aab67358b4f4e384406956687894b6d777413b
./node_modules/wrap-ansi-cjs/node_modules/strip-ansi/readme.md,1599,1754805506,cb384db30337ecec75919b4c69aab67358b4f4e384406956687894b6d777413b
./node_modules/strip-ansi-cjs/readme.md,1599,1754805502,cb384db30337ecec75919b4c69aab67358b4f4e384406956687894b6d777413b
./.cache/typescript/5.6/node_modules/@types/passport/README.md,797,1755332671,33e30f17563f4e13dd83cf3d018e983c8dc9197a70ee2377f0c911a46faf68cc
./node_modules/@types/passport/README.md,797,1754805504,33e30f17563f4e13dd83cf3d018e983c8dc9197a70ee2377f0c911a46faf68cc
./node_modules/es-define-property/README.md,2056,1754805504,5ce564bb53fafd87b543f144e04955d128199205cf07bff442f3b875ca90d422
./veganmapai/backend/node_modules/es-define-property/README.md,2056,1754983295,5ce564bb53fafd87b543f144e04955d128199205cf07bff442f3b875ca90d422
./attached_assets/image_1753620993540.png,1652792,1754805483,4687d01d6b5e2be85ffa29ed54b17cc44683778d295e32dc0dd7929a995c041a
./docs/archive/duplicates/attached_assets/image_1753620993540.png,1652792,1754805483,4687d01d6b5e2be85ffa29ed54b17cc44683778d295e32dc0dd7929a995c041a
./docs/archive/old-versions/upgraded_full/attached_assets/image_1753620993540.png,1652792,1754805484,4687d01d6b5e2be85ffa29ed54b17cc44683778d295e32dc0dd7929a995c041a
./docs/archive/old-versions/VeganMapAI-main/attached_assets/image_1753620993540.png,1652792,1754805483,4687d01d6b5e2be85ffa29ed54b17cc44683778d295e32dc0dd7929a995c041a
./node_modules/compression/HISTORY.md,8097,1754805504,01bbe88ba18879177eb037210849d5f4d0ba399d4d97f1bbff3f41a1031d364f
./veganmapai/backend/node_modules/compression/HISTORY.md,8097,1754983296,01bbe88ba18879177eb037210849d5f4d0ba399d4d97f1bbff3f41a1031d364f
./node_modules/proxy-from-env/README.md,5270,1754805502,18d64e58ef3307b088d70b43ed06100fdcec6230ec2a7c4140dae05498bc63e6
./veganmapai/backend/node_modules/proxy-from-env/README.md,5270,1754983296,18d64e58ef3307b088d70b43ed06100fdcec6230ec2a7c4140dae05498bc63e6
./.cache/typescript/5.6/node_modules/pg-int8/README.md,389,1755332671,d77eaaca16d1fe569ee6dc87d340d2fa6d14438652618a8cf20382e16648244a
./node_modules/pg-int8/README.md,389,1754805502,d77eaaca16d1fe569ee6dc87d340d2fa6d14438652618a8cf20382e16648244a
./.cache/typescript/5.6/node_modules/csstype/README.md,10518,1755332671,ecad07488741ae8c105f22dd0a6534cc581d4b09fa48a8e37161327d0be14ca4
./node_modules/csstype/README.md,10518,1754805504,ecad07488741ae8c105f22dd0a6534cc581d4b09fa48a8e37161327d0be14ca4
./node_modules/encodeurl/README.md,3221,1754805503,c94f2967cafee3fc1df2798a43014e9742b76d89de116ec01f7c6b903caebea5
./veganmapai/backend/node_modules/encodeurl/README.md,3221,1754983296,c94f2967cafee3fc1df2798a43014e9742b76d89de116ec01f7c6b903caebea5
./node_modules/@voiceflow/pino/docs/web.md,4610,1754805506,ad85b31bf39fc84410d23cf811720d4e74e61de74e205ae67111a5262f77d3f1
./node_modules/pino/docs/web.md,4610,1754805508,ad85b31bf39fc84410d23cf811720d4e74e61de74e205ae67111a5262f77d3f1
./.cache/typescript/5.6/node_modules/@types/pg/README.md,604,1755332671,517394dbad3228898e46c8f9971c79566d4e0005bef713c6e1a555a9c460a958
./node_modules/@types/pg/README.md,604,1754805564,517394dbad3228898e46c8f9971c79566d4e0005bef713c6e1a555a9c460a958
./node_modules/asynckit/README.md,7640,1754805504,be5bbf9c6a02774a397f2ace8bcfb1a34d052723d8474bf3e46e0623066c8701
./veganmapai/backend/node_modules/asynckit/README.md,7640,1754983295,be5bbf9c6a02774a397f2ace8bcfb1a34d052723d8474bf3e46e0623066c8701
./node_modules/form-data/README.md,12034,1754805504,d633d86b9977f05f1bc6574c49377d0015ad65823f660d4017524be5120d79e1
./veganmapai/backend/node_modules/form-data/README.md,12034,1754983296,d633d86b9977f05f1bc6574c49377d0015ad65823f660d4017524be5120d79e1
./node_modules/gopd/CHANGELOG.md,3077,1754805503,aba458bfc8c4bdc9cfdc3b2e879d5820b0d03950bcefcaaaac3620dad727283b
./veganmapai/backend/node_modules/gopd/CHANGELOG.md,3077,1754983296,aba458bfc8c4bdc9cfdc3b2e879d5820b0d03950bcefcaaaac3620dad727283b
./node_modules/function-bind/.github/SECURITY.md,157,1754805504,dd880fbe091e1b4fe671ef6e4879f7d144a64c0a3b21ce9b498c62c082ff3e50
./node_modules/resolve/SECURITY.md,157,1754805509,dd880fbe091e1b4fe671ef6e4879f7d144a64c0a3b21ce9b498c62c082ff3e50
./veganmapai/backend/node_modules/function-bind/.github/SECURITY.md,157,1754983296,dd880fbe091e1b4fe671ef6e4879f7d144a64c0a3b21ce9b498c62c082ff3e50
./node_modules/proxy-addr/README.md,4131,1754805502,409e75c7c493c60aeb91d36d4c0bbdf028b5ffc93fbe5372c1b9dbd711804e05
./veganmapai/backend/node_modules/proxy-addr/README.md,4131,1754983296,409e75c7c493c60aeb91d36d4c0bbdf028b5ffc93fbe5372c1b9dbd711804e05
./node_modules/math-intrinsics/CHANGELOG.md,1466,1754805504,1868f81797e7249a210cf6f1811b0700a2c582ab9bed97575ced127b4f9b328a
./veganmapai/backend/node_modules/math-intrinsics/CHANGELOG.md,1466,1754983296,1868f81797e7249a210cf6f1811b0700a2c582ab9bed97575ced127b4f9b328a
./attached_assets/My_Vegan_Assistant_Extended_Pack_1753614633494.zip,119781,1754805483,78a9d46298d2ccd0f9c0d813321a8bd9f0414c0d7c82b9d43baf9973914712ea
./docs/archive/duplicates/attached_assets/My_Vegan_Assistant_Extended_Pack_1753614633494.zip,119781,1754805483,78a9d46298d2ccd0f9c0d813321a8bd9f0414c0d7c82b9d43baf9973914712ea
./docs/archive/old-versions/upgraded_full/attached_assets/My_Vegan_Assistant_Extended_Pack_1753614633494.zip,119781,1754805484,78a9d46298d2ccd0f9c0d813321a8bd9f0414c0d7c82b9d43baf9973914712ea
./docs/archive/old-versions/VeganMapAI-main/attached_assets/My_Vegan_Assistant_Extended_Pack_1753614633494.zip,119781,1754805483,78a9d46298d2ccd0f9c0d813321a8bd9f0414c0d7c82b9d43baf9973914712ea
./node_modules/depd/History.md,2256,1754805503,b6e94899b155a3f707694b8ced212e1b01f43d0953d89e1c5b718b3e5fb896fa
./veganmapai/backend/node_modules/depd/History.md,2256,1754983295,b6e94899b155a3f707694b8ced212e1b01f43d0953d89e1c5b718b3e5fb896fa
./node_modules/proxy-addr/HISTORY.md,2991,1754805502,9bbb818f8492ddca7ba1454d43ea2b3e956cccd1d56ae4ab8b85d9560903b364
./veganmapai/backend/node_modules/proxy-addr/HISTORY.md,2991,1754983296,9bbb818f8492ddca7ba1454d43ea2b3e956cccd1d56ae4ab8b85d9560903b364
./node_modules/tailwindcss/lib/value-parser/README.md,198,1754805512,f44cb2e9aca93ac7226d950f5a20a2507ed5f9287ee8ac3eafd51b8ec21006ea
./node_modules/tailwindcss/src/value-parser/README.md,198,1754805512,f44cb2e9aca93ac7226d950f5a20a2507ed5f9287ee8ac3eafd51b8ec21006ea
./node_modules/debug/README.md,22115,1754805504,486cb669048bd5014adf9ea117e27a45c4e61b0e668f464c724273beb8170797
./veganmapai/backend/node_modules/express/node_modules/debug/README.md,22115,1754983296,486cb669048bd5014adf9ea117e27a45c4e61b0e668f464c724273beb8170797
./veganmapai/backend/node_modules/body-parser/node_modules/debug/README.md,22115,1754983296,486cb669048bd5014adf9ea117e27a45c4e61b0e668f464c724273beb8170797
./veganmapai/backend/node_modules/finalhandler/node_modules/debug/README.md,22115,1754983296,486cb669048bd5014adf9ea117e27a45c4e61b0e668f464c724273beb8170797
./veganmapai/backend/node_modules/router/node_modules/debug/README.md,22115,1754983296,486cb669048bd5014adf9ea117e27a45c4e61b0e668f464c724273beb8170797
./veganmapai/backend/node_modules/send/node_modules/debug/README.md,22115,1754983296,486cb669048bd5014adf9ea117e27a45c4e61b0e668f464c724273beb8170797
./node_modules/@voiceflow/runtime-client-js/node_modules/axios/README.md,28605,1754805508,acb42f2083bd292fc637fcb3e153fb683ab36fdd0d4308c28c10a05982e5c3dd
./node_modules/@voiceflow/api-sdk/node_modules/axios/README.md,28605,1754805508,acb42f2083bd292fc637fcb3e153fb683ab36fdd0d4308c28c10a05982e5c3dd
./attached_assets/image_1753622810214.png,1702826,1754805483,0be221558f3dfe8b61793a9d09e6320bff0e6b777bd00129eb8e95dfa06fa525
./docs/archive/duplicates/attached_assets/image_1753622810214.png,1702826,1754805483,0be221558f3dfe8b61793a9d09e6320bff0e6b777bd00129eb8e95dfa06fa525
./docs/archive/old-versions/upgraded_full/attached_assets/image_1753622810214.png,1702826,1754805484,0be221558f3dfe8b61793a9d09e6320bff0e6b777bd00129eb8e95dfa06fa525
./docs/archive/old-versions/VeganMapAI-main/attached_assets/image_1753622810214.png,1702826,1754805483,0be221558f3dfe8b61793a9d09e6320bff0e6b777bd00129eb8e95dfa06fa525
./.cache/typescript/5.6/node_modules/@types/send/README.md,674,1755332671,da9c51da584f5283e1f26c5210812428500182ed9f1cdd1fd62a9a5bc21c54fd
./veganmapai/backend/node_modules/@types/send/README.md,674,1754983300,da9c51da584f5283e1f26c5210812428500182ed9f1cdd1fd62a9a5bc21c54fd
./node_modules/http-errors/HISTORY.md,3973,1754805503,990ff24ab4cd1ebf895f185934fc5e15c093aad29db8e1f0db6cb678422edaeb
./veganmapai/backend/node_modules/http-errors/HISTORY.md,3973,1754983295,990ff24ab4cd1ebf895f185934fc5e15c093aad29db8e1f0db6cb678422edaeb
./node_modules/node-gyp-build/SECURITY.md,193,1754805503,994ea9cf579d2164b7736a6728ba48773ae78b0ae8f20290bee63fc62bb7362e
./node_modules/pump/SECURITY.md,193,1754805502,994ea9cf579d2164b7736a6728ba48773ae78b0ae8f20290bee63fc62bb7362e
./node_modules/axios/CHANGELOG.md,83883,1754805510,3584158906e4df807f2f2a123308a5d5ac01b7cc4043e0bc454867089312fe08
./veganmapai/backend/node_modules/axios/CHANGELOG.md,83883,1754983296,3584158906e4df807f2f2a123308a5d5ac01b7cc4043e0bc454867089312fe08
./node_modules/has-symbols/CHANGELOG.md,9431,1754805504,ad7ead4963a1958ead230596f27a721645617e8f63640a59f87d333ec8dbe917
./veganmapai/backend/node_modules/has-symbols/CHANGELOG.md,9431,1754983296,ad7ead4963a1958ead230596f27a721645617e8f63640a59f87d333ec8dbe917
./.cache/typescript/5.6/node_modules/@types/leaflet.markercluster/README.md,689,1755332671,c12068f646fbd526c0580dd36de9e527ecd4570401799ced5146b8cd5d0b98ed
./node_modules/@types/leaflet.markercluster/README.md,689,1754886460,c12068f646fbd526c0580dd36de9e527ecd4570401799ced5146b8cd5d0b98ed
./attached_assets/ИИ Агент за Откриване на Веган Perplexity_1753614937714.docx,2700816,1754805484,410c874e21056b0d37177af23e19519b6c5483c8d9c797d7c81738b5a9304ab3
./docs/archive/duplicates/attached_assets/ИИ Агент за Откриване на Веган Perplexity_1753614937714.docx,2700816,1754805483,410c874e21056b0d37177af23e19519b6c5483c8d9c797d7c81738b5a9304ab3
./docs/archive/old-versions/upgraded_full/attached_assets/ИИ Агент за Откриване на Веган Perplexity_1753614937714.docx,2700816,1754805484,410c874e21056b0d37177af23e19519b6c5483c8d9c797d7c81738b5a9304ab3
./docs/archive/old-versions/VeganMapAI-main/attached_assets/ИИ Агент за Откриване на Веган Perplexity_1753614937714.docx,2700816,1754805483,410c874e21056b0d37177af23e19519b6c5483c8d9c797d7c81738b5a9304ab3
./node_modules/statuses/HISTORY.md,1546,1754805502,41762ce40aae520bbd476b81288ec5fb717ba11da9409dbe74f782aa5f71d04d
./veganmapai/backend/node_modules/http-errors/node_modules/statuses/HISTORY.md,1546,1754983296,41762ce40aae520bbd476b81288ec5fb717ba11da9409dbe74f782aa5f71d04d
./node_modules/depd/Readme.md,9988,1754805504,11deb26eafa25a465ffb8a8e3c28195eb40e679fda52b760132dbe9c9b21fb5c
./veganmapai/backend/node_modules/depd/Readme.md,9988,1754983295,11deb26eafa25a465ffb8a8e3c28195eb40e679fda52b760132dbe9c9b21fb5c
./node_modules/es-object-atoms/CHANGELOG.md,2136,1754805504,1f2ae981660e6827c35f6319372009ca9d1ff1c9ceb10981d2f679162ce77aca
./veganmapai/backend/node_modules/es-object-atoms/CHANGELOG.md,2136,1754983296,1f2ae981660e6827c35f6319372009ca9d1ff1c9ceb10981d2f679162ce77aca
./node_modules/parseurl/README.md,4094,1754805502,2d37d38021aa9eb04b9915958140a7e79350672555f60f4b271384de1c0cfb81
./veganmapai/backend/node_modules/parseurl/README.md,4094,1754983295,2d37d38021aa9eb04b9915958140a7e79350672555f60f4b271384de1c0cfb81
./node_modules/follow-redirects/README.md,6456,1754805503,b75a334d7c4d7f21500da7ab388238bf81ae5132738b971d8f8e4a2216d8d75c
./veganmapai/backend/node_modules/follow-redirects/README.md,6456,1754983296,b75a334d7c4d7f21500da7ab388238bf81ae5132738b971d8f8e4a2216d8d75c
./node_modules/memorystore/node_modules/yallist/README.md,4717,1754805506,cf293896dc0c704e9ed655ebb43341cc1ac5d0b2214f78377bed4370b7c6dd0f
./node_modules/yallist/README.md,4717,1754805501,cf293896dc0c704e9ed655ebb43341cc1ac5d0b2214f78377bed4370b7c6dd0f
./node_modules/cors/HISTORY.md,1169,1754922869,623289f1411f635fba99c182aa4d6ae31d9ae5dc727321d86ccd5876dd21e451
./veganmapai/backend/node_modules/cors/HISTORY.md,1169,1754983295,623289f1411f635fba99c182aa4d6ae31d9ae5dc727321d86ccd5876dd21e451
./node_modules/@voiceflow/pino/docs/pretty.md,3257,1754805506,cc8dd90e1a601ff8c8f5904bd85b5c024a008a21f91d16dd47df0911b5968242
./node_modules/pino/docs/pretty.md,3257,1754805508,cc8dd90e1a601ff8c8f5904bd85b5c024a008a21f91d16dd47df0911b5968242
./node_modules/args/node_modules/color-convert/README.md,2853,1754805506,8cb35dae3a64e6edf1a680fecb9a850ea866795715aa46e09e211a1ba662d1c2
./node_modules/color-convert/README.md,2853,1754805504,8cb35dae3a64e6edf1a680fecb9a850ea866795715aa46e09e211a1ba662d1c2
./node_modules/form-data/CHANGELOG.md,43231,1754805504,a40c0bf62499acdf8fd5cfce3ed642ef2c5d253766c62dbba38f2e8664984912
./veganmapai/backend/node_modules/form-data/CHANGELOG.md,43231,1754983296,a40c0bf62499acdf8fd5cfce3ed642ef2c5d253766c62dbba38f2e8664984912
./node_modules/content-type/README.md,2782,1754805504,8793880cbc4fd7294dff8562b71d9381ea1c0557422b66007920415ba439486e
./veganmapai/backend/node_modules/content-type/README.md,2782,1754983296,8793880cbc4fd7294dff8562b71d9381ea1c0557422b66007920415ba439486e
./node_modules/hasown/README.md,1613,1754805503,a922ab2a0abcdcbd99c1484c7bd83d69a04b5e11ab53064d2c9aa557df1c52b4
./veganmapai/backend/node_modules/hasown/README.md,1613,1754983295,a922ab2a0abcdcbd99c1484c7bd83d69a04b5e11ab53064d2c9aa557df1c52b4
./node_modules/mime-db/HISTORY.md,12581,1754805503,1e820a4ab3b25cc858eed9d2629ddb39bfd48bab307bedec769308c258199aa6
./veganmapai/backend/node_modules/form-data/node_modules/mime-db/HISTORY.md,12581,1754983296,1e820a4ab3b25cc858eed9d2629ddb39bfd48bab307bedec769308c258199aa6
./attached_assets/image_1753623806325.png,1795184,1754805483,6cdce1e19ffb648db51de06970cece37f60dec586cdf293438ea463183c08800
./attached_assets/image_1753623886317.png,1795184,1754805483,6cdce1e19ffb648db51de06970cece37f60dec586cdf293438ea463183c08800
./docs/archive/duplicates/attached_assets/image_1753623806325.png,1795184,1754805483,6cdce1e19ffb648db51de06970cece37f60dec586cdf293438ea463183c08800
./docs/archive/duplicates/attached_assets/image_1753623886317.png,1795184,1754805483,6cdce1e19ffb648db51de06970cece37f60dec586cdf293438ea463183c08800
./docs/archive/old-versions/upgraded_full/attached_assets/image_1753623806325.png,1795184,1754805484,6cdce1e19ffb648db51de06970cece37f60dec586cdf293438ea463183c08800
./docs/archive/old-versions/upgraded_full/attached_assets/image_1753623886317.png,1795184,1754805484,6cdce1e19ffb648db51de06970cece37f60dec586cdf293438ea463183c08800
./docs/archive/old-versions/VeganMapAI-main/attached_assets/image_1753623806325.png,1795184,1754805483,6cdce1e19ffb648db51de06970cece37f60dec586cdf293438ea463183c08800
./docs/archive/old-versions/VeganMapAI-main/attached_assets/image_1753623886317.png,1795184,1754805483,6cdce1e19ffb648db51de06970cece37f60dec586cdf293438ea463183c08800
./attached_assets/16$MarketGemini_1753614937714.docx,38344,1754805483,86cb305ef14a9d5e194a5813721782934fe458644b7fb9054486bbed6e72c1c8
./docs/archive/duplicates/attached_assets/16$MarketGemini_1753614937714.docx,38344,1754805483,86cb305ef14a9d5e194a5813721782934fe458644b7fb9054486bbed6e72c1c8
./docs/archive/old-versions/upgraded_full/attached_assets/16$MarketGemini_1753614937714.docx,38344,1754805484,86cb305ef14a9d5e194a5813721782934fe458644b7fb9054486bbed6e72c1c8
./docs/archive/old-versions/VeganMapAI-main/attached_assets/16$MarketGemini_1753614937714.docx,38344,1754805483,86cb305ef14a9d5e194a5813721782934fe458644b7fb9054486bbed6e72c1c8
./node_modules/etag/README.md,4198,1754805503,8a982db264a205206e5f2c18b0dc2fbb3a46762e997e89fcebf439e390d0cf65
./veganmapai/backend/node_modules/etag/README.md,4198,1754983295,8a982db264a205206e5f2c18b0dc2fbb3a46762e997e89fcebf439e390d0cf65
./attached_assets/image_1753721595260.png,772702,1754805483,77f279c3dc11b35d90bb53aadb0d40d59db2a6524f6eb6fd7e3193b6e486d68c
./docs/archive/duplicates/attached_assets/image_1753721595260.png,772702,1754805483,77f279c3dc11b35d90bb53aadb0d40d59db2a6524f6eb6fd7e3193b6e486d68c
./docs/archive/old-versions/upgraded_full/attached_assets/image_1753721595260.png,772702,1754805484,77f279c3dc11b35d90bb53aadb0d40d59db2a6524f6eb6fd7e3193b6e486d68c
./docs/archive/old-versions/VeganMapAI-main/attached_assets/image_1753721595260.png,772702,1754805483,77f279c3dc11b35d90bb53aadb0d40d59db2a6524f6eb6fd7e3193b6e486d68c
./attached_assets/image_1753786640081.png,1536675,1754805483,ba6345aae8416cab4cf2c46ba7f000f7898efc5bafe7ef9f4f217aa0579f5ef2
./docs/archive/duplicates/attached_assets/image_1753786640081.png,1536675,1754805483,ba6345aae8416cab4cf2c46ba7f000f7898efc5bafe7ef9f4f217aa0579f5ef2
./docs/archive/old-versions/upgraded_full/attached_assets/image_1753786640081.png,1536675,1754805484,ba6345aae8416cab4cf2c46ba7f000f7898efc5bafe7ef9f4f217aa0579f5ef2
./docs/archive/old-versions/VeganMapAI-main/attached_assets/image_1753786640081.png,1536675,1754805483,ba6345aae8416cab4cf2c46ba7f000f7898efc5bafe7ef9f4f217aa0579f5ef2
./attached_assets/VeganMapAI_Fin_GPT_Prompt_1753614937714.docx,38533,1754805483,1ab6bd2ba961d4a72b104f116374f41a0a4d119b64aa71567e56872a8a0bbfaf
./docs/archive/duplicates/attached_assets/VeganMapAI_Fin_GPT_Prompt_1753614937714.docx,38533,1754805483,1ab6bd2ba961d4a72b104f116374f41a0a4d119b64aa71567e56872a8a0bbfaf
./docs/archive/old-versions/upgraded_full/attached_assets/VeganMapAI_Fin_GPT_Prompt_1753614937714.docx,38533,1754805484,1ab6bd2ba961d4a72b104f116374f41a0a4d119b64aa71567e56872a8a0bbfaf
./docs/archive/old-versions/VeganMapAI-main/attached_assets/VeganMapAI_Fin_GPT_Prompt_1753614937714.docx,38533,1754805483,1ab6bd2ba961d4a72b104f116374f41a0a4d119b64aa71567e56872a8a0bbfaf
./node_modules/compression/node_modules/on-headers/HISTORY.md,602,1754805506,deab8b7848b03d50473ebf6fe067c99fce87a18f80b61ca7375469ce6648dcfd
./veganmapai/backend/node_modules/on-headers/HISTORY.md,602,1754983296,deab8b7848b03d50473ebf6fe067c99fce87a18f80b61ca7375469ce6648dcfd
./node_modules/args/node_modules/color-name/README.md,384,1754805506,796aef7006b975d2a8a5bad00219c9884e67a51ef96d36b3a0df622e60924c1c
./node_modules/color-name/README.md,384,1754805504,796aef7006b975d2a8a5bad00219c9884e67a51ef96d36b3a0df622e60924c1c
./node_modules/dunder-proto/CHANGELOG.md,1547,1754805504,889ec6c5fd3b8b18d431c60a36d643f357d22a8aa1c9c9e6fd8ffecd89c67f13
./veganmapai/backend/node_modules/dunder-proto/CHANGELOG.md,1547,1754983295,889ec6c5fd3b8b18d431c60a36d643f357d22a8aa1c9c9e6fd8ffecd89c67f13
./node_modules/es-errors/README.md,2114,1754805504,176ec91db928c929508abf9917ebc35dd66e5ea1a989ac3e7ab290496d32c0d6
./veganmapai/backend/node_modules/es-errors/README.md,2114,1754983296,176ec91db928c929508abf9917ebc35dd66e5ea1a989ac3e7ab290496d32c0d6
./node_modules/args/node_modules/color-convert/CHANGELOG.md,1417,1754805506,ee2ea4fe91d043ec4214aa60aeaff595009acdfdbb9ed4030896191126d70849
./node_modules/color-convert/CHANGELOG.md,1417,1754805504,ee2ea4fe91d043ec4214aa60aeaff595009acdfdbb9ed4030896191126d70849
./node_modules/ms/license.md,1079,1754805502,1662fae9b5314d11cf51284e2dcd1f006a354f7343f08712a730fcff9a359801
./veganmapai/backend/node_modules/express/node_modules/ms/license.md,1079,1754983296,1662fae9b5314d11cf51284e2dcd1f006a354f7343f08712a730fcff9a359801
./veganmapai/backend/node_modules/body-parser/node_modules/ms/license.md,1079,1754983296,1662fae9b5314d11cf51284e2dcd1f006a354f7343f08712a730fcff9a359801
./veganmapai/backend/node_modules/finalhandler/node_modules/ms/license.md,1079,1754983296,1662fae9b5314d11cf51284e2dcd1f006a354f7343f08712a730fcff9a359801
./veganmapai/backend/node_modules/router/node_modules/ms/license.md,1079,1754983296,1662fae9b5314d11cf51284e2dcd1f006a354f7343f08712a730fcff9a359801
./veganmapai/backend/node_modules/send/node_modules/ms/license.md,1079,1754983296,1662fae9b5314d11cf51284e2dcd1f006a354f7343f08712a730fcff9a359801
./.cache/typescript/5.6/node_modules/pg-protocol/README.md,150,1755332671,163df61eaa9f5337d5c0fcb3c0f15207f91a208dbd12ed26582bfc1e9bd59180
./node_modules/pg-protocol/README.md,150,1754805564,163df61eaa9f5337d5c0fcb3c0f15207f91a208dbd12ed26582bfc1e9bd59180
./node_modules/string-width-cjs/node_modules/ansi-regex/readme.md,2565,1754805506,3ebc0f845b1bab50600f823716040fbec355d3c356a3a76b8eb9eb593b6c7a3a
./node_modules/wrap-ansi-cjs/node_modules/ansi-regex/readme.md,2565,1754805506,3ebc0f845b1bab50600f823716040fbec355d3c356a3a76b8eb9eb593b6c7a3a
./node_modules/strip-ansi-cjs/node_modules/ansi-regex/readme.md,2565,1754805506,3ebc0f845b1bab50600f823716040fbec355d3c356a3a76b8eb9eb593b6c7a3a
./node_modules/cmdk/LICENSE.md,1069,1754805504,b5acfd21b3b61508365224c40ec1b03ec71091248baaf989d4be916551e7d532
./node_modules/next-themes/license.md,1069,1754805502,b5acfd21b3b61508365224c40ec1b03ec71091248baaf989d4be916551e7d532
./node_modules/compression/node_modules/on-headers/README.md,2147,1754805506,2194266d63f5f8fdc254ccad57b7be30e082ded48af7dbf59a898a21c6659f17
./veganmapai/backend/node_modules/on-headers/README.md,2147,1754983296,2194266d63f5f8fdc254ccad57b7be30e082ded48af7dbf59a898a21c6659f17
./.cache/typescript/5.6/node_modules/@types/node/README.md,1582,1755332671,241c33cef36bed36abe9c49f124a80f488edd3290e647594a133cd167c56c733
./veganmapai/backend/node_modules/@types/node/README.md,1582,1754983300,241c33cef36bed36abe9c49f124a80f488edd3290e647594a133cd167c56c733
./attached_assets/VeganMap_Replit_Whisper_GPT4o_TTS_1753897574267.zip,5301,1754805483,300e46f722aeed0f3c855ffb467261f83e3ca262fd22971d183e9eda0ffe9e8f
./docs/archive/duplicates/attached_assets/VeganMap_Replit_Whisper_GPT4o_TTS_1753897574267.zip,5301,1754805483,300e46f722aeed0f3c855ffb467261f83e3ca262fd22971d183e9eda0ffe9e8f
./docs/archive/old-versions/upgraded_full/attached_assets/VeganMap_Replit_Whisper_GPT4o_TTS_1753897574267.zip,5301,1754805484,300e46f722aeed0f3c855ffb467261f83e3ca262fd22971d183e9eda0ffe9e8f
./docs/archive/old-versions/VeganMapAI-main/attached_assets/VeganMap_Replit_Whisper_GPT4o_TTS_1753897574267.zip,5301,1754805483,300e46f722aeed0f3c855ffb467261f83e3ca262fd22971d183e9eda0ffe9e8f
./node_modules/es-errors/CHANGELOG.md,1833,1754805504,f21ce3b58b9c00181c38429f5f5f07438675fb519c749e4cc9edd7c661a00daf
./veganmapai/backend/node_modules/es-errors/CHANGELOG.md,1833,1754983296,f21ce3b58b9c00181c38429f5f5f07438675fb519c749e4cc9edd7c661a00daf
./node_modules/mime-types/README.md,3481,1754805503,19e8eaca7dc91f7ad8e46114ce1689e4976368435f41a0039f48aaf27e5e6a20
./veganmapai/backend/node_modules/form-data/node_modules/mime-types/README.md,3481,1754983296,19e8eaca7dc91f7ad8e46114ce1689e4976368435f41a0039f48aaf27e5e6a20
./node_modules/tinyglobby/node_modules/picomatch/README.md,28608,1754805506,f8184dc64d0f70b2bea18116236084bae9f59829fa80f2a31f05c30d6022d4c8
./node_modules/vitest/node_modules/picomatch/README.md,28608,1754805506,f8184dc64d0f70b2bea18116236084bae9f59829fa80f2a31f05c30d6022d4c8
./node_modules/axios/MIGRATION_GUIDE.md,37,1754805510,31f588272b98cc47fdb0a64ec104002464913f63420aba5e9fde350df373413a
./veganmapai/backend/node_modules/axios/MIGRATION_GUIDE.md,37,1754983296,31f588272b98cc47fdb0a64ec104002464913f63420aba5e9fde350df373413a
./node_modules/@voiceflow/runtime-client-js/node_modules/axios/lib/core/README.md,399,1754805508,6982a869f4da4405a7b74e182ca2eea0da2ade583edd606d182bfc49aee4cd2a
./node_modules/@voiceflow/api-sdk/node_modules/axios/lib/core/README.md,399,1754805508,6982a869f4da4405a7b74e182ca2eea0da2ade583edd606d182bfc49aee4cd2a
./node_modules/axios/lib/core/README.md,399,1754805510,6982a869f4da4405a7b74e182ca2eea0da2ade583edd606d182bfc49aee4cd2a
./veganmapai/backend/node_modules/axios/lib/core/README.md,399,1754983296,6982a869f4da4405a7b74e182ca2eea0da2ade583edd606d182bfc49aee4cd2a
./node_modules/@tailwindcss/node/node_modules/tailwindcss/README.md,2001,1754805507,b63c3115d04f06941f9ce2c2638473780b05710423128301013702dccce5f17b
./node_modules/@tailwindcss/node/README.md,2001,1754805505,b63c3115d04f06941f9ce2c2638473780b05710423128301013702dccce5f17b
./node_modules/@tailwindcss/vite/node_modules/tailwindcss/README.md,2001,1754805507,b63c3115d04f06941f9ce2c2638473780b05710423128301013702dccce5f17b
./node_modules/@tailwindcss/vite/README.md,2001,1754805505,b63c3115d04f06941f9ce2c2638473780b05710423128301013702dccce5f17b
./node_modules/http-errors/README.md,5962,1754805503,ec2d7a200d4adf39ebfa7e29f1fb1f45dfb34ec8fe040428f83aa5dad8948c57
./veganmapai/backend/node_modules/http-errors/README.md,5962,1754983295,ec2d7a200d4adf39ebfa7e29f1fb1f45dfb34ec8fe040428f83aa5dad8948c57
./node_modules/unpipe/HISTORY.md,59,1754805501,6f6dc64d92c2450fd3a2fe41ca1dd3ebeb9c2321ac3c308728f5de69fe6c6fec
./veganmapai/backend/node_modules/unpipe/HISTORY.md,59,1754983295,6f6dc64d92c2450fd3a2fe41ca1dd3ebeb9c2321ac3c308728f5de69fe6c6fec
./node_modules/es-set-tostringtag/CHANGELOG.md,4968,1754805504,79a874acb654eab75c1a4949a219a2c5eb1625732679d8943902f434d9d32e94
./veganmapai/backend/node_modules/es-set-tostringtag/CHANGELOG.md,4968,1754983296,79a874acb654eab75c1a4949a219a2c5eb1625732679d8943902f434d9d32e94
./.cache/typescript/5.6/node_modules/@types/leaflet/README.md,864,1755332671,ef80464a1ec9e491ddc4ba54f0a526778dfaa4fe43db0541d15d40b7b6182c2d
./node_modules/@types/leaflet/README.md,864,1754805504,ef80464a1ec9e491ddc4ba54f0a526778dfaa4fe43db0541d15d40b7b6182c2d
./node_modules/forwarded/HISTORY.md,400,1754805503,16a998adf118889eee706826b2d3bc50b0d6ef228d81eb94a64b47b72d95a398
./veganmapai/backend/node_modules/forwarded/HISTORY.md,400,1754983295,16a998adf118889eee706826b2d3bc50b0d6ef228d81eb94a64b47b72d95a398
./node_modules/@voiceflow/runtime/node_modules/ms/readme.md,1721,1754805506,c9ac67ff103c01871b0ff09e2f094631991908c1fd0dc08bdb53287e5a760ae5
./node_modules/compression/node_modules/ms/readme.md,1721,1754805506,c9ac67ff103c01871b0ff09e2f094631991908c1fd0dc08bdb53287e5a760ae5
./node_modules/express-session/node_modules/ms/readme.md,1721,1754805506,c9ac67ff103c01871b0ff09e2f094631991908c1fd0dc08bdb53287e5a760ae5
./node_modules/body-parser/node_modules/ms/readme.md,1721,1754805506,c9ac67ff103c01871b0ff09e2f094631991908c1fd0dc08bdb53287e5a760ae5
./node_modules/express/node_modules/ms/readme.md,1721,1754805506,c9ac67ff103c01871b0ff09e2f094631991908c1fd0dc08bdb53287e5a760ae5
./node_modules/finalhandler/node_modules/ms/readme.md,1721,1754805506,c9ac67ff103c01871b0ff09e2f094631991908c1fd0dc08bdb53287e5a760ae5
./node_modules/send/node_modules/debug/node_modules/ms/readme.md,1721,1754805506,c9ac67ff103c01871b0ff09e2f094631991908c1fd0dc08bdb53287e5a760ae5
./veganmapai/backend/node_modules/ms/readme.md,1721,1754983296,c9ac67ff103c01871b0ff09e2f094631991908c1fd0dc08bdb53287e5a760ae5
./node_modules/bytes/History.md,1775,1754805504,b335e48648e33bd56c3bcadbdad4c5a8b419099e7369d3dc845c106ddb49fc1c
./veganmapai/backend/node_modules/bytes/History.md,1775,1754983296,b335e48648e33bd56c3bcadbdad4c5a8b419099e7369d3dc845c106ddb49fc1c
./node_modules/tsx/README.md,1375,1754805504,bdc095a5be01c6f9e626b417ba025fa5e8dad669f081540f58e4ad9daede0971
./veganmapai/backend/node_modules/tsx/README.md,1375,1754983300,bdc095a5be01c6f9e626b417ba025fa5e8dad669f081540f58e4ad9daede0971
./node_modules/has-symbols/README.md,2044,1754805504,a062b27ee12e84e310041d05d10d69ac2d7076cba1fc698bae8a4e40a15897ec
./veganmapai/backend/node_modules/has-symbols/README.md,2044,1754983296,a062b27ee12e84e310041d05d10d69ac2d7076cba1fc698bae8a4e40a15897ec
./node_modules/@esbuild/linux-x64/README.md,141,1754805512,3b0ebdffe92e5b77c948c4ac0bf4bc4a38803b15405d0425b517705221c27a2f
./node_modules/drizzle-kit/node_modules/@esbuild/linux-x64/README.md,141,1754805512,3b0ebdffe92e5b77c948c4ac0bf4bc4a38803b15405d0425b517705221c27a2f
./node_modules/tsx/node_modules/@esbuild/linux-x64/README.md,141,1754805512,3b0ebdffe92e5b77c948c4ac0bf4bc4a38803b15405d0425b517705221c27a2f
./node_modules/vite/node_modules/@esbuild/linux-x64/README.md,141,1754805512,3b0ebdffe92e5b77c948c4ac0bf4bc4a38803b15405d0425b517705221c27a2f
./node_modules/@esbuild-kit/core-utils/node_modules/@esbuild/linux-x64/README.md,141,1754805512,3b0ebdffe92e5b77c948c4ac0bf4bc4a38803b15405d0425b517705221c27a2f
./veganmapai/backend/node_modules/@esbuild/linux-x64/README.md,141,1754983301,3b0ebdffe92e5b77c948c4ac0bf4bc4a38803b15405d0425b517705221c27a2f
./node_modules/inherits/README.md,1625,1754805503,b33c8be1ca837d9e4c9b0e04a550feacbc101556164d3cdbb875aed6ccbb8a29
./veganmapai/backend/node_modules/inherits/README.md,1625,1754983295,b33c8be1ca837d9e4c9b0e04a550feacbc101556164d3cdbb875aed6ccbb8a29
./.cache/typescript/5.6/node_modules/@types/mime/README.md,511,1755332671,eb277350ab9bdcced5a84ed2dd77cd13d61f37254f7aa6319392f012703ccc2e
./node_modules/@types/mime/README.md,511,1754805504,eb277350ab9bdcced5a84ed2dd77cd13d61f37254f7aa6319392f012703ccc2e
./veganmapai/backend/node_modules/@types/mime/README.md,511,1754983300,eb277350ab9bdcced5a84ed2dd77cd13d61f37254f7aa6319392f012703ccc2e
./node_modules/@voiceflow/runtime/node_modules/axios/lib/helpers/README.md,351,1754805508,b8fe226abed5bdd9fc5eed1d9b906f4eff742f838685b5ab4fd08e41fe57c193
./node_modules/@voiceflow/runtime-client-js/node_modules/axios/lib/helpers/README.md,351,1754805508,b8fe226abed5bdd9fc5eed1d9b906f4eff742f838685b5ab4fd08e41fe57c193
./node_modules/@voiceflow/api-sdk/node_modules/axios/lib/helpers/README.md,351,1754805508,b8fe226abed5bdd9fc5eed1d9b906f4eff742f838685b5ab4fd08e41fe57c193
./node_modules/axios/lib/helpers/README.md,351,1754805510,b8fe226abed5bdd9fc5eed1d9b906f4eff742f838685b5ab4fd08e41fe57c193
./veganmapai/backend/node_modules/axios/lib/helpers/README.md,351,1754983296,b8fe226abed5bdd9fc5eed1d9b906f4eff742f838685b5ab4fd08e41fe57c193
./attached_assets/VeganMapAI_Upgraded_FULL_1753901801537.zip,32094964,1754805483,dd8878cf97b32206350671d067f8e4a6df4767e629cbad1f19f4d5573e2f720b
./attached_assets/VeganMapAI_Upgraded_FULL_1753967449565.zip,32094964,1754805483,dd8878cf97b32206350671d067f8e4a6df4767e629cbad1f19f4d5573e2f720b
./node_modules/cors/README.md,9206,1754922869,e903ab4202ba3cada449a1940959470cc40f5b3e00bb3bebcd8a0b825aad075e
./veganmapai/backend/node_modules/cors/README.md,9206,1754983296,e903ab4202ba3cada449a1940959470cc40f5b3e00bb3bebcd8a0b825aad075e
./node_modules/compressible/README.md,1797,1754805504,ae4b8303209fe715dbdf0b12eb73235e491598917a013d4a13bdad67e1a89570
./veganmapai/backend/node_modules/compressible/README.md,1797,1754983296,ae4b8303209fe715dbdf0b12eb73235e491598917a013d4a13bdad67e1a89570
./attached_assets/Оптимизирана_архитектура_Google_Places_API_1753717566071.docx,36814,1754805484,b833dec9d3d630d2c5b858d29e6304eb461a6f80e14acbc76b5e6aa0519eb667
./docs/archive/duplicates/attached_assets/Оптимизирана_архитектура_Google_Places_API_1753717566071.docx,36814,1754805483,b833dec9d3d630d2c5b858d29e6304eb461a6f80e14acbc76b5e6aa0519eb667
./docs/archive/old-versions/upgraded_full/attached_assets/Оптимизирана_архитектура_Google_Places_API_1753717566071.docx,36814,1754805484,b833dec9d3d630d2c5b858d29e6304eb461a6f80e14acbc76b5e6aa0519eb667
./docs/archive/old-versions/VeganMapAI-main/attached_assets/Оптимизирана_архитектура_Google_Places_API_1753717566071.docx,36814,1754805483,b833dec9d3d630d2c5b858d29e6304eb461a6f80e14acbc76b5e6aa0519eb667
./.cache/typescript/5.6/node_modules/@types/http-errors/README.md,590,1755332671,ad68d7a54f72770024491be10648ec35e4f40b986374a4faa2abb1070e1b9514
./veganmapai/backend/node_modules/@types/http-errors/README.md,590,1754983300,ad68d7a54f72770024491be10648ec35e4f40b986374a4faa2abb1070e1b9514
./node_modules/@voiceflow/runtime/node_modules/ms/license.md,1077,1754805506,6652830c2607c722b66f1b57de15877ab8fc5dca406cc5b335afeb365d0f32c1
./node_modules/compression/node_modules/ms/license.md,1077,1754805506,6652830c2607c722b66f1b57de15877ab8fc5dca406cc5b335afeb365d0f32c1
./node_modules/express-session/node_modules/ms/license.md,1077,1754805506,6652830c2607c722b66f1b57de15877ab8fc5dca406cc5b335afeb365d0f32c1
./node_modules/body-parser/node_modules/ms/license.md,1077,1754805506,6652830c2607c722b66f1b57de15877ab8fc5dca406cc5b335afeb365d0f32c1
./node_modules/express/node_modules/ms/license.md,1077,1754805506,6652830c2607c722b66f1b57de15877ab8fc5dca406cc5b335afeb365d0f32c1
./node_modules/finalhandler/node_modules/ms/license.md,1077,1754805506,6652830c2607c722b66f1b57de15877ab8fc5dca406cc5b335afeb365d0f32c1
./node_modules/send/node_modules/debug/node_modules/ms/license.md,1077,1754805506,6652830c2607c722b66f1b57de15877ab8fc5dca406cc5b335afeb365d0f32c1
./veganmapai/backend/node_modules/ms/license.md,1077,1754983295,6652830c2607c722b66f1b57de15877ab8fc5dca406cc5b335afeb365d0f32c1
./node_modules/node-domexception/.history/README_20210527214323.md,1686,1754805504,260b9feff050110824493a38be8aaf1cd4ffc49e71121b6bdb50a02f737a2e27
./node_modules/node-domexception/.history/README_20210527214408.md,1686,1754805504,260b9feff050110824493a38be8aaf1cd4ffc49e71121b6bdb50a02f737a2e27
./.cache/typescript/5.6/node_modules/@types/passport-strategy/README.md,621,1755332671,24a1ac6156b0ef523d3a95e66f793ae7a93bd6aca616b221c982fd1998ef2027
./node_modules/@types/passport-strategy/README.md,621,1754805504,24a1ac6156b0ef523d3a95e66f793ae7a93bd6aca616b221c982fd1998ef2027
./.cache/typescript/5.6/node_modules/pg-types/README.md,3831,1755332671,ecda9bca71d3f0cee4e600d1dd2bef336213f39ef2e8fca6a1a1c1c8723f643a
./node_modules/pg-types/README.md,3831,1754805564,ecda9bca71d3f0cee4e600d1dd2bef336213f39ef2e8fca6a1a1c1c8723f643a
./.cache/typescript/5.6/node_modules/@types/cors/README.md,2297,1755332671,3432d8f064f83df0f325a945c00e122e2a438990e149a27bc34775eb24be195e
./node_modules/@types/cors/README.md,2297,1754922869,3432d8f064f83df0f325a945c00e122e2a438990e149a27bc34775eb24be195e
./attached_assets/image_1753621628086.png,1598124,1754805483,1712a47571c33f00eab602a06a27052c03cac15bc6dcf09a0c38e485f64f4d97
./docs/archive/duplicates/attached_assets/image_1753621628086.png,1598124,1754805483,1712a47571c33f00eab602a06a27052c03cac15bc6dcf09a0c38e485f64f4d97
./docs/archive/old-versions/upgraded_full/attached_assets/image_1753621628086.png,1598124,1754805484,1712a47571c33f00eab602a06a27052c03cac15bc6dcf09a0c38e485f64f4d97
./docs/archive/old-versions/VeganMapAI-main/attached_assets/image_1753621628086.png,1598124,1754805483,1712a47571c33f00eab602a06a27052c03cac15bc6dcf09a0c38e485f64f4d97
./.cache/typescript/5.6/node_modules/@types/express-serve-static-core/README.md,928,1755332671,4d78a40debb03d5ae314e2d0afcdb0662db6a4c28c2be098f18d63c8e2fa5b08
./veganmapai/backend/node_modules/@types/express-serve-static-core/README.md,928,1754983300,4d78a40debb03d5ae314e2d0afcdb0662db6a4c28c2be098f18d63c8e2fa5b08
./node_modules/forwarded/README.md,1654,1754805503,114e825a45563255497909dbdc6b776ae7718698896a8e66d8dc980dcd2c1088
./veganmapai/backend/node_modules/forwarded/README.md,1654,1754983295,114e825a45563255497909dbdc6b776ae7718698896a8e66d8dc980dcd2c1088
./node_modules/gopd/README.md,1562,1754805503,a5adda11eb1b5c4a225289ccc2e1f01bdc27e1635b85039ad327ec37082ad3d4
./veganmapai/backend/node_modules/gopd/README.md,1562,1754983296,a5adda11eb1b5c4a225289ccc2e1f01bdc27e1635b85039ad327ec37082ad3d4
./node_modules/get-intrinsic/CHANGELOG.md,15537,1754805504,e73856f1e09b5743933e57e3ecc153d3d81bf1a1d5ead38d8472bf4e0fd14cf5
./veganmapai/backend/node_modules/get-intrinsic/CHANGELOG.md,15537,1754983296,e73856f1e09b5743933e57e3ecc153d3d81bf1a1d5ead38d8472bf4e0fd14cf5
./node_modules/compression/node_modules/debug/README.md,17918,1754805506,cda3dbd285a2b65894758565a565e7bc2e7c3696225af7b5bd01454240df0aea
./node_modules/express-session/node_modules/debug/README.md,17918,1754805506,cda3dbd285a2b65894758565a565e7bc2e7c3696225af7b5bd01454240df0aea
./node_modules/body-parser/node_modules/debug/README.md,17918,1754805506,cda3dbd285a2b65894758565a565e7bc2e7c3696225af7b5bd01454240df0aea
./node_modules/express/node_modules/debug/README.md,17918,1754805506,cda3dbd285a2b65894758565a565e7bc2e7c3696225af7b5bd01454240df0aea
./node_modules/finalhandler/node_modules/debug/README.md,17918,1754805506,cda3dbd285a2b65894758565a565e7bc2e7c3696225af7b5bd01454240df0aea
./node_modules/send/node_modules/debug/README.md,17918,1754805506,cda3dbd285a2b65894758565a565e7bc2e7c3696225af7b5bd01454240df0aea
./veganmapai/backend/node_modules/debug/README.md,17918,1754983296,cda3dbd285a2b65894758565a565e7bc2e7c3696225af7b5bd01454240df0aea
./node_modules/@voiceflow/logger/node_modules/nanoid/README.md,1552,1754805506,54449254570e72b9eac5e3fafa9232eccffcc2f1de403a4dae02b2ffabee720f
./node_modules/postcss/node_modules/nanoid/README.md,1552,1754805506,54449254570e72b9eac5e3fafa9232eccffcc2f1de403a4dae02b2ffabee720f
./node_modules/@voiceflow/pino/docs/browser.md,6346,1754805505,5f4978fac2f702b3ee99031a8dc80cd11802a0b56bb8d7340fcb6f7170b25e2a
./node_modules/pino/docs/browser.md,6346,1754805506,5f4978fac2f702b3ee99031a8dc80cd11802a0b56bb8d7340fcb6f7170b25e2a
./node_modules/@voiceflow/runtime-client-js/node_modules/axios/SECURITY.md,105,1754805508,dcd77631ce5f8d447b84c80520802b9248fcf60ee973dc7fe6dcb19855d7e8d3
./node_modules/@voiceflow/api-sdk/node_modules/axios/SECURITY.md,105,1754805508,dcd77631ce5f8d447b84c80520802b9248fcf60ee973dc7fe6dcb19855d7e8d3
./node_modules/once/README.md,1772,1754805502,43b6d72bb23aff98af3243ab7e8d23d9af339ec46cdbdc81ded537c9899fa650
./veganmapai/backend/node_modules/once/README.md,1772,1754983295,43b6d72bb23aff98af3243ab7e8d23d9af339ec46cdbdc81ded537c9899fa650
